candidate,dataset,family,qualified_comparison,baseline_ndcg_at_10,candidate_ndcg_at_10,delta_ndcg_at_10,diagnostic_measured_delta,generation,profile
g0-baseline,architecture,adaptive,True,0.8560699230171966,0.8560699230171966,0.0,0.0,0,baseline
g0-baseline,architecture,classical,True,0.9257807641624444,0.9257807641624444,0.0,0.0,0,baseline
g0-baseline,architecture,embeddings,True,0.7237714735653961,0.7237714735653961,0.0,0.0,0,baseline
g0-baseline,architecture,ensemble,True,0.8500964545549008,0.8500964545549008,0.0,0.0,0,baseline
g0-baseline,architecture,entity-graph,True,0.8350413379424438,0.8350413379424438,0.0,0.0,0,baseline
g0-baseline,architecture,graphify,True,0.5775650846510725,0.5775650846510725,0.0,0.0,0,baseline
g0-baseline,architecture,legacy,True,0.8154736310803241,0.8154736310803241,0.0,0.0,0,baseline
g0-baseline,architecture,turso,True,0.5840043018567261,0.5840043018567261,0.0,0.0,0,baseline
g0-baseline,astro,adaptive,True,0.8333545047679802,0.8333545047679802,0.0,0.0,0,baseline
g0-baseline,astro,classical,True,0.8333545047679802,0.8333545047679802,0.0,0.0,0,baseline
g0-baseline,astro,embeddings,True,0.7851983317054789,0.7851983317054789,0.0,0.0,0,baseline
g0-baseline,astro,ensemble,True,0.8262231573917006,0.8262231573917006,0.0,0.0,0,baseline
g0-baseline,astro,entity-graph,True,0.6947023065501792,0.6947023065501792,0.0,0.0,0,baseline
g0-baseline,astro,graphify,True,0.5779156769160976,0.5779156769160976,0.0,0.0,0,baseline
g0-baseline,astro,legacy,True,0.6051893734409577,0.6051893734409577,0.0,0.0,0,baseline
g0-baseline,astro,turso,True,0.47813551023378115,0.47813551023378115,0.0,0.0,0,baseline
g0-baseline,data-science,adaptive,True,0.9178174181007902,0.9178174181007902,0.0,0.0,0,baseline
g0-baseline,data-science,classical,True,0.8053872497363544,0.8053872497363544,0.0,0.0,0,baseline
g0-baseline,data-science,embeddings,True,0.60043749109768,0.60043749109768,0.0,0.0,0,baseline
g0-baseline,data-science,ensemble,True,0.9278098590730673,0.9278098590730673,0.0,0.0,0,baseline
g0-baseline,data-science,entity-graph,True,0.8579062471314278,0.8579062471314278,0.0,0.0,0,baseline
g0-baseline,data-science,graphify,True,0.5440998456059355,0.5440998456059355,0.0,0.0,0,baseline
g0-baseline,data-science,legacy,True,0.8321588233274824,0.8321588233274824,0.0,0.0,0,baseline
g0-baseline,data-science,turso,True,0.4016212910774567,0.4016212910774567,0.0,0.0,0,baseline
g0-baseline,enterprise,adaptive,True,0.5033603261131847,0.5033603261131847,0.0,0.0,0,baseline
g0-baseline,enterprise,classical,True,0.43423767296046306,0.43423767296046306,0.0,0.0,0,baseline
g0-baseline,enterprise,embeddings,True,0.516406878690786,0.516406878690786,0.0,0.0,0,baseline
g0-baseline,enterprise,ensemble,True,0.5534950398893288,0.5534950398893288,0.0,0.0,0,baseline
g0-baseline,enterprise,entity-graph,True,0.4673466879301481,0.4673466879301481,0.0,0.0,0,baseline
g0-baseline,enterprise,graphify,True,0.13626228624863054,0.13626228624863054,0.0,0.0,0,baseline
g0-baseline,enterprise,legacy,True,0.5749695375722894,0.5749695375722894,0.0,0.0,0,baseline
g0-baseline,enterprise,turso,True,0.40319114502840775,0.40319114502840775,0.0,0.0,0,baseline
g0-neural-record,architecture,adaptive,True,0.8560699230171966,0.8560699230171966,0.0,0.0,0,neural-record
g0-neural-record,architecture,classical,True,0.9257807641624444,0.9257807641624444,0.0,0.0,0,neural-record
g0-neural-record,architecture,embeddings,True,0.7237714735653961,0.7708433851860573,0.047071911620661266,0.047071911620661266,0,neural-record
g0-neural-record,architecture,ensemble,True,0.8500964545549008,0.8403672877146825,-0.009729166840218295,-0.009729166840218295,0,neural-record
g0-neural-record,architecture,entity-graph,True,0.8350413379424438,0.8350413379424438,0.0,0.0,0,neural-record
g0-neural-record,architecture,graphify,True,0.5775650846510725,0.5775650846510725,0.0,0.0,0,neural-record
g0-neural-record,architecture,legacy,True,0.8154736310803241,0.8154736310803241,0.0,0.0,0,neural-record
g0-neural-record,architecture,turso,True,0.5840043018567261,0.5840043018567261,0.0,0.0,0,neural-record
g0-neural-record,astro,adaptive,True,0.8333545047679802,0.8333545047679802,0.0,0.0,0,neural-record
g0-neural-record,astro,classical,True,0.8333545047679802,0.8333545047679802,0.0,0.0,0,neural-record
g0-neural-record,astro,embeddings,True,0.7851983317054789,0.7434446547499104,-0.04175367695556853,-0.04175367695556853,0,neural-record
g0-neural-record,astro,ensemble,True,0.8262231573917006,0.8245515371800917,-0.0016716202116089374,-0.0016716202116089374,0,neural-record
g0-neural-record,astro,entity-graph,True,0.6947023065501792,0.6947023065501792,0.0,0.0,0,neural-record
g0-neural-record,astro,graphify,True,0.5779156769160976,0.5779156769160976,0.0,0.0,0,neural-record
g0-neural-record,astro,legacy,True,0.6051893734409577,0.6051893734409577,0.0,0.0,0,neural-record
g0-neural-record,astro,turso,True,0.47813551023378115,0.47813551023378115,0.0,0.0,0,neural-record
g0-neural-record,data-science,adaptive,True,0.9178174181007902,0.9178174181007902,0.0,0.0,0,neural-record
g0-neural-record,data-science,classical,True,0.8053872497363544,0.8053872497363544,0.0,0.0,0,neural-record
g0-neural-record,data-science,embeddings,True,0.60043749109768,0.8789004393851517,0.27846294828747176,0.27846294828747176,0,neural-record
g0-neural-record,data-science,ensemble,True,0.9278098590730673,0.9286505509911679,0.0008406919181005446,0.0008406919181005446,0,neural-record
g0-neural-record,data-science,entity-graph,True,0.8579062471314278,0.8579062471314278,0.0,0.0,0,neural-record
g0-neural-record,data-science,graphify,True,0.5440998456059355,0.5440998456059355,0.0,0.0,0,neural-record
g0-neural-record,data-science,legacy,True,0.8321588233274824,0.8321588233274824,0.0,0.0,0,neural-record
g0-neural-record,data-science,turso,True,0.4016212910774567,0.4016212910774567,0.0,0.0,0,neural-record
g0-neural-record,enterprise,adaptive,True,0.5033603261131847,0.5033603261131847,0.0,0.0,0,neural-record
g0-neural-record,enterprise,classical,True,0.43423767296046306,0.43423767296046306,0.0,0.0,0,neural-record
g0-neural-record,enterprise,embeddings,True,0.516406878690786,0.6319043854152289,0.11549750672444281,0.11549750672444281,0,neural-record
g0-neural-record,enterprise,ensemble,True,0.5534950398893288,0.5560667237718679,0.002571683882539144,0.002571683882539144,0,neural-record
g0-neural-record,enterprise,entity-graph,True,0.4673466879301481,0.4673466879301481,0.0,0.0,0,neural-record
g0-neural-record,enterprise,graphify,True,0.13626228624863054,0.13626228624863054,0.0,0.0,0,neural-record
g0-neural-record,enterprise,legacy,True,0.5749695375722894,0.5749695375722894,0.0,0.0,0,neural-record
g0-neural-record,enterprise,turso,True,0.40319114502840775,0.40319114502840775,0.0,0.0,0,neural-record
g0-quarter-expansion,architecture,adaptive,True,0.8560699230171966,0.8518232889631128,-0.004246634054083875,-0.004246634054083875,0,quarter-expansion
g0-quarter-expansion,architecture,classical,True,0.9257807641624444,0.9172305397819717,-0.008550224380472704,-0.008550224380472704,0,quarter-expansion
g0-quarter-expansion,architecture,embeddings,True,0.7237714735653961,0.7237714735653961,0.0,0.0,0,quarter-expansion
g0-quarter-expansion,architecture,ensemble,True,0.8500964545549008,0.8495246082105335,-0.0005718463443672439,-0.0005718463443672439,0,quarter-expansion
g0-quarter-expansion,architecture,entity-graph,True,0.8350413379424438,0.8350413379424438,0.0,0.0,0,quarter-expansion
g0-quarter-expansion,architecture,graphify,True,0.5775650846510725,0.5775650846510725,0.0,0.0,0,quarter-expansion
g0-quarter-expansion,architecture,legacy,True,0.8154736310803241,0.8154736310803241,0.0,0.0,0,quarter-expansion
g0-quarter-expansion,architecture,turso,True,0.5840043018567261,0.5840043018567261,0.0,0.0,0,quarter-expansion
g0-quarter-expansion,astro,adaptive,True,0.8333545047679802,0.8326584600131275,-0.0006960447548527426,-0.0006960447548527426,0,quarter-expansion
g0-quarter-expansion,astro,classical,True,0.8333545047679802,0.8326584600131275,-0.0006960447548527426,-0.0006960447548527426,0,quarter-expansion
g0-quarter-expansion,astro,embeddings,True,0.7851983317054789,0.7851983317054789,0.0,0.0,0,quarter-expansion
g0-quarter-expansion,astro,ensemble,True,0.8262231573917006,0.8128033717563061,-0.013419785635394477,-0.013419785635394477,0,quarter-expansion
g0-quarter-expansion,astro,entity-graph,True,0.6947023065501792,0.6947023065501792,0.0,0.0,0,quarter-expansion
g0-quarter-expansion,astro,graphify,True,0.5779156769160976,0.5779156769160976,0.0,0.0,0,quarter-expansion
g0-quarter-expansion,astro,legacy,True,0.6051893734409577,0.6051893734409577,0.0,0.0,0,quarter-expansion
g0-quarter-expansion,astro,turso,True,0.47813551023378115,0.47813551023378115,0.0,0.0,0,quarter-expansion
g0-quarter-expansion,data-science,adaptive,True,0.9178174181007902,0.9141270327970533,-0.0036903853037368872,-0.0036903853037368872,0,quarter-expansion
g0-quarter-expansion,data-science,classical,True,0.8053872497363544,0.8053872497363544,0.0,0.0,0,quarter-expansion
g0-quarter-expansion,data-science,embeddings,True,0.60043749109768,0.60043749109768,0.0,0.0,0,quarter-expansion
g0-quarter-expansion,data-science,ensemble,True,0.9278098590730673,0.9242781847515715,-0.0035316743214958146,-0.0035316743214958146,0,quarter-expansion
g0-quarter-expansion,data-science,entity-graph,True,0.8579062471314278,0.8579062471314278,0.0,0.0,0,quarter-expansion
g0-quarter-expansion,data-science,graphify,True,0.5440998456059355,0.5440998456059355,0.0,0.0,0,quarter-expansion
g0-quarter-expansion,data-science,legacy,True,0.8321588233274824,0.8321588233274824,0.0,0.0,0,quarter-expansion
g0-quarter-expansion,data-science,turso,True,0.4016212910774567,0.4016212910774567,0.0,0.0,0,quarter-expansion
g0-quarter-expansion,enterprise,adaptive,True,0.5033603261131847,0.5056922738907149,0.0023319477775302078,0.0023319477775302078,0,quarter-expansion
g0-quarter-expansion,enterprise,classical,True,0.43423767296046306,0.4434644291211766,0.009226756160713556,0.009226756160713556,0,quarter-expansion
g0-quarter-expansion,enterprise,embeddings,True,0.516406878690786,0.516406878690786,0.0,0.0,0,quarter-expansion
g0-quarter-expansion,enterprise,ensemble,True,0.5534950398893288,0.5401874564475949,-0.013307583441733883,-0.013307583441733883,0,quarter-expansion
g0-quarter-expansion,enterprise,entity-graph,True,0.4673466879301481,0.4673466879301481,0.0,0.0,0,quarter-expansion
g0-quarter-expansion,enterprise,graphify,True,0.13626228624863054,0.13626228624863054,0.0,0.0,0,quarter-expansion
g0-quarter-expansion,enterprise,legacy,True,0.5749695375722894,0.5749695375722894,0.0,0.0,0,quarter-expansion
g0-quarter-expansion,enterprise,turso,True,0.40319114502840775,0.40319114502840775,0.0,0.0,0,quarter-expansion
g0-bm25-low-b,architecture,adaptive,True,0.8560699230171966,0.8579850860692957,0.0019151630520990448,0.0019151630520990448,0,bm25-low-b
g0-bm25-low-b,architecture,classical,True,0.9257807641624444,0.8982687155213783,-0.027512048641066045,-0.027512048641066045,0,bm25-low-b
g0-bm25-low-b,architecture,embeddings,True,0.7237714735653961,0.7237714735653961,0.0,0.0,0,bm25-low-b
g0-bm25-low-b,architecture,ensemble,True,0.8500964545549008,0.8519681577190859,0.0018717031641850568,0.0018717031641850568,0,bm25-low-b
g0-bm25-low-b,architecture,entity-graph,True,0.8350413379424438,0.8342284796895436,-0.0008128582529002282,-0.0008128582529002282,0,bm25-low-b
g0-bm25-low-b,architecture,graphify,True,0.5775650846510725,0.5775650846510725,0.0,0.0,0,bm25-low-b
g0-bm25-low-b,architecture,legacy,True,0.8154736310803241,0.8154736310803241,0.0,0.0,0,bm25-low-b
g0-bm25-low-b,architecture,turso,True,0.5840043018567261,0.5840043018567261,0.0,0.0,0,bm25-low-b
g0-bm25-low-b,astro,adaptive,True,0.8333545047679802,0.777380336447773,-0.055974168320207185,-0.055974168320207185,0,bm25-low-b
g0-bm25-low-b,astro,classical,True,0.8333545047679802,0.777380336447773,-0.055974168320207185,-0.055974168320207185,0,bm25-low-b
g0-bm25-low-b,astro,embeddings,True,0.7851983317054789,0.7851983317054789,0.0,0.0,0,bm25-low-b
g0-bm25-low-b,astro,ensemble,True,0.8262231573917006,0.795670081657849,-0.030553075733851576,-0.030553075733851576,0,bm25-low-b
g0-bm25-low-b,astro,entity-graph,True,0.6947023065501792,0.6666633672811659,-0.02803893926901324,-0.02803893926901324,0,bm25-low-b
g0-bm25-low-b,astro,graphify,True,0.5779156769160976,0.5779156769160976,0.0,0.0,0,bm25-low-b
g0-bm25-low-b,astro,legacy,True,0.6051893734409577,0.6051893734409577,0.0,0.0,0,bm25-low-b
g0-bm25-low-b,astro,turso,True,0.47813551023378115,0.47813551023378115,0.0,0.0,0,bm25-low-b
g0-bm25-low-b,data-science,adaptive,True,0.9178174181007902,0.9196591552903186,0.001841737189528403,0.001841737189528403,0,bm25-low-b
g0-bm25-low-b,data-science,classical,True,0.8053872497363544,0.8053872497363544,0.0,0.0,0,bm25-low-b
g0-bm25-low-b,data-science,embeddings,True,0.60043749109768,0.60043749109768,0.0,0.0,0,bm25-low-b
g0-bm25-low-b,data-science,ensemble,True,0.9278098590730673,0.937917173751601,0.010107314678533652,0.010107314678533652,0,bm25-low-b
g0-bm25-low-b,data-science,entity-graph,True,0.8579062471314278,0.8074350170222658,-0.05047123010916199,-0.05047123010916199,0,bm25-low-b
g0-bm25-low-b,data-science,graphify,True,0.5440998456059355,0.5440998456059355,0.0,0.0,0,bm25-low-b
g0-bm25-low-b,data-science,legacy,True,0.8321588233274824,0.8321588233274824,0.0,0.0,0,bm25-low-b
g0-bm25-low-b,data-science,turso,True,0.4016212910774567,0.4016212910774567,0.0,0.0,0,bm25-low-b
g0-bm25-low-b,enterprise,adaptive,True,0.5033603261131847,0.5068734091416912,0.003513083028506503,0.003513083028506503,0,bm25-low-b
g0-bm25-low-b,enterprise,classical,True,0.43423767296046306,0.442499636298842,0.00826196333837892,0.00826196333837892,0,bm25-low-b
g0-bm25-low-b,enterprise,embeddings,True,0.516406878690786,0.516406878690786,0.0,0.0,0,bm25-low-b
g0-bm25-low-b,enterprise,ensemble,True,0.5534950398893288,0.5388422743524227,-0.014652765536906087,-0.014652765536906087,0,bm25-low-b
g0-bm25-low-b,enterprise,entity-graph,True,0.4673466879301481,0.47275963568195856,0.0054129477518104485,0.0054129477518104485,0,bm25-low-b
g0-bm25-low-b,enterprise,graphify,True,0.13626228624863054,0.13626228624863054,0.0,0.0,0,bm25-low-b
g0-bm25-low-b,enterprise,legacy,True,0.5749695375722894,0.5749695375722894,0.0,0.0,0,bm25-low-b
g0-bm25-low-b,enterprise,turso,True,0.40319114502840775,0.40319114502840775,0.0,0.0,0,bm25-low-b
g0-stronger-titles,architecture,adaptive,True,0.8560699230171966,0.8629002689877016,0.006830345970504914,0.006830345970504914,0,stronger-titles
g0-stronger-titles,architecture,classical,True,0.9257807641624444,0.9185135776430311,-0.007267186519413271,-0.007267186519413271,0,stronger-titles
g0-stronger-titles,architecture,embeddings,True,0.7237714735653961,0.7237714735653961,0.0,0.0,0,stronger-titles
g0-stronger-titles,architecture,ensemble,True,0.8500964545549008,0.855469463906916,0.0053730093520152344,0.0053730093520152344,0,stronger-titles
g0-stronger-titles,architecture,entity-graph,True,0.8350413379424438,0.8350413379424438,0.0,0.0,0,stronger-titles
g0-stronger-titles,architecture,graphify,True,0.5775650846510725,0.5775650846510725,0.0,0.0,0,stronger-titles
g0-stronger-titles,architecture,legacy,True,0.8154736310803241,0.8154736310803241,0.0,0.0,0,stronger-titles
g0-stronger-titles,architecture,turso,True,0.5840043018567261,0.5840043018567261,0.0,0.0,0,stronger-titles
g0-stronger-titles,astro,adaptive,True,0.8333545047679802,0.8085569389955969,-0.024797565772383345,-0.024797565772383345,0,stronger-titles
g0-stronger-titles,astro,classical,True,0.8333545047679802,0.8085569389955969,-0.024797565772383345,-0.024797565772383345,0,stronger-titles
g0-stronger-titles,astro,embeddings,True,0.7851983317054789,0.7851983317054789,0.0,0.0,0,stronger-titles
g0-stronger-titles,astro,ensemble,True,0.8262231573917006,0.8152445126895074,-0.01097864470219323,-0.01097864470219323,0,stronger-titles
g0-stronger-titles,astro,entity-graph,True,0.6947023065501792,0.6947023065501792,0.0,0.0,0,stronger-titles
g0-stronger-titles,astro,graphify,True,0.5779156769160976,0.5779156769160976,0.0,0.0,0,stronger-titles
g0-stronger-titles,astro,legacy,True,0.6051893734409577,0.6051893734409577,0.0,0.0,0,stronger-titles
g0-stronger-titles,astro,turso,True,0.47813551023378115,0.47813551023378115,0.0,0.0,0,stronger-titles
g0-stronger-titles,data-science,adaptive,True,0.9178174181007902,0.9191690778762306,0.0013516597754403836,0.0013516597754403836,0,stronger-titles
g0-stronger-titles,data-science,classical,True,0.8053872497363544,0.8053872497363544,0.0,0.0,0,stronger-titles
g0-stronger-titles,data-science,embeddings,True,0.60043749109768,0.60043749109768,0.0,0.0,0,stronger-titles
g0-stronger-titles,data-science,ensemble,True,0.9278098590730673,0.9288167295650054,0.001006870491938039,0.001006870491938039,0,stronger-titles
g0-stronger-titles,data-science,entity-graph,True,0.8579062471314278,0.8579062471314278,0.0,0.0,0,stronger-titles
g0-stronger-titles,data-science,graphify,True,0.5440998456059355,0.5440998456059355,0.0,0.0,0,stronger-titles
g0-stronger-titles,data-science,legacy,True,0.8321588233274824,0.8321588233274824,0.0,0.0,0,stronger-titles
g0-stronger-titles,data-science,turso,True,0.4016212910774567,0.4016212910774567,0.0,0.0,0,stronger-titles
g0-stronger-titles,enterprise,adaptive,True,0.5033603261131847,0.5033603261131847,0.0,0.0,0,stronger-titles
g0-stronger-titles,enterprise,classical,True,0.43423767296046306,0.43423767296046306,0.0,0.0,0,stronger-titles
g0-stronger-titles,enterprise,embeddings,True,0.516406878690786,0.516406878690786,0.0,0.0,0,stronger-titles
g0-stronger-titles,enterprise,ensemble,True,0.5534950398893288,0.5534950398893288,0.0,0.0,0,stronger-titles
g0-stronger-titles,enterprise,entity-graph,True,0.4673466879301481,0.4673466879301481,0.0,0.0,0,stronger-titles
g0-stronger-titles,enterprise,graphify,True,0.13626228624863054,0.13626228624863054,0.0,0.0,0,stronger-titles
g0-stronger-titles,enterprise,legacy,True,0.5749695375722894,0.5749695375722894,0.0,0.0,0,stronger-titles
g0-stronger-titles,enterprise,turso,True,0.40319114502840775,0.40319114502840775,0.0,0.0,0,stronger-titles
g1-baseline,architecture,adaptive,True,0.8560699230171966,0.8560699230171966,0.0,0.0,1,baseline
g1-baseline,architecture,classical,True,0.9257807641624444,0.9257807641624444,0.0,0.0,1,baseline
g1-baseline,architecture,embeddings,True,0.7237714735653961,0.7237714735653961,0.0,0.0,1,baseline
g1-baseline,architecture,ensemble,True,0.8500964545549008,0.8500964545549008,0.0,0.0,1,baseline
g1-baseline,architecture,entity-graph,True,0.8350413379424438,0.8350413379424438,0.0,0.0,1,baseline
g1-baseline,architecture,graphify,True,0.5775650846510725,0.5775650846510725,0.0,0.0,1,baseline
g1-baseline,architecture,legacy,True,0.8154736310803241,0.8154736310803241,0.0,0.0,1,baseline
g1-baseline,architecture,turso,True,0.5840043018567261,0.5840043018567261,0.0,0.0,1,baseline
g1-baseline,astro,adaptive,True,0.8333545047679802,0.8333545047679802,0.0,0.0,1,baseline
g1-baseline,astro,classical,True,0.8333545047679802,0.8333545047679802,0.0,0.0,1,baseline
g1-baseline,astro,embeddings,True,0.7851983317054789,0.7851983317054789,0.0,0.0,1,baseline
g1-baseline,astro,ensemble,True,0.8262231573917006,0.8262231573917006,0.0,0.0,1,baseline
g1-baseline,astro,entity-graph,True,0.6947023065501792,0.6947023065501792,0.0,0.0,1,baseline
g1-baseline,astro,graphify,True,0.5779156769160976,0.5779156769160976,0.0,0.0,1,baseline
g1-baseline,astro,legacy,True,0.6051893734409577,0.6051893734409577,0.0,0.0,1,baseline
g1-baseline,astro,turso,True,0.47813551023378115,0.47813551023378115,0.0,0.0,1,baseline
g1-baseline,data-science,adaptive,True,0.9178174181007902,0.9178174181007902,0.0,0.0,1,baseline
g1-baseline,data-science,classical,True,0.8053872497363544,0.8053872497363544,0.0,0.0,1,baseline
g1-baseline,data-science,embeddings,True,0.60043749109768,0.60043749109768,0.0,0.0,1,baseline
g1-baseline,data-science,ensemble,True,0.9278098590730673,0.9278098590730673,0.0,0.0,1,baseline
g1-baseline,data-science,entity-graph,True,0.8579062471314278,0.8579062471314278,0.0,0.0,1,baseline
g1-baseline,data-science,graphify,True,0.5440998456059355,0.5440998456059355,0.0,0.0,1,baseline
g1-baseline,data-science,legacy,True,0.8321588233274824,0.8321588233274824,0.0,0.0,1,baseline
g1-baseline,data-science,turso,True,0.4016212910774567,0.4016212910774567,0.0,0.0,1,baseline
g1-baseline,enterprise,adaptive,True,0.5033603261131847,0.5033603261131847,0.0,0.0,1,baseline
g1-baseline,enterprise,classical,True,0.43423767296046306,0.43423767296046306,0.0,0.0,1,baseline
g1-baseline,enterprise,embeddings,True,0.516406878690786,0.516406878690786,0.0,0.0,1,baseline
g1-baseline,enterprise,ensemble,True,0.5534950398893288,0.5534950398893288,0.0,0.0,1,baseline
g1-baseline,enterprise,entity-graph,True,0.4673466879301481,0.4673466879301481,0.0,0.0,1,baseline
g1-baseline,enterprise,graphify,True,0.13626228624863054,0.13626228624863054,0.0,0.0,1,baseline
g1-baseline,enterprise,legacy,True,0.5749695375722894,0.5749695375722894,0.0,0.0,1,baseline
g1-baseline,enterprise,turso,True,0.40319114502840775,0.40319114502840775,0.0,0.0,1,baseline
g1-neural-expand,architecture,adaptive,True,0.8560699230171966,0.8518232889631128,-0.004246634054083875,-0.004246634054083875,1,neural-expand
g1-neural-expand,architecture,classical,True,0.9257807641624444,0.9172305397819717,-0.008550224380472704,-0.008550224380472704,1,neural-expand
g1-neural-expand,architecture,embeddings,True,0.7237714735653961,0.7708433851860573,0.047071911620661266,0.047071911620661266,1,neural-expand
g1-neural-expand,architecture,ensemble,True,0.8500964545549008,0.8402651982690935,-0.009831256285807277,-0.009831256285807277,1,neural-expand
g1-neural-expand,architecture,entity-graph,True,0.8350413379424438,0.8350413379424438,0.0,0.0,1,neural-expand
g1-neural-expand,architecture,graphify,True,0.5775650846510725,0.5775650846510725,0.0,0.0,1,neural-expand
g1-neural-expand,architecture,legacy,True,0.8154736310803241,0.8154736310803241,0.0,0.0,1,neural-expand
g1-neural-expand,architecture,turso,True,0.5840043018567261,0.5840043018567261,0.0,0.0,1,neural-expand
g1-neural-expand,astro,adaptive,True,0.8333545047679802,0.8326584600131275,-0.0006960447548527426,-0.0006960447548527426,1,neural-expand
g1-neural-expand,astro,classical,True,0.8333545047679802,0.8326584600131275,-0.0006960447548527426,-0.0006960447548527426,1,neural-expand
g1-neural-expand,astro,embeddings,True,0.7851983317054789,0.7434446547499104,-0.04175367695556853,-0.04175367695556853,1,neural-expand
g1-neural-expand,astro,ensemble,True,0.8262231573917006,0.8125656760291715,-0.01365748136252909,-0.01365748136252909,1,neural-expand
g1-neural-expand,astro,entity-graph,True,0.6947023065501792,0.6947023065501792,0.0,0.0,1,neural-expand
g1-neural-expand,astro,graphify,True,0.5779156769160976,0.5779156769160976,0.0,0.0,1,neural-expand
g1-neural-expand,astro,legacy,True,0.6051893734409577,0.6051893734409577,0.0,0.0,1,neural-expand
g1-neural-expand,astro,turso,True,0.47813551023378115,0.47813551023378115,0.0,0.0,1,neural-expand
g1-neural-expand,data-science,adaptive,True,0.9178174181007902,0.9141270327970533,-0.0036903853037368872,-0.0036903853037368872,1,neural-expand
g1-neural-expand,data-science,classical,True,0.8053872497363544,0.8053872497363544,0.0,0.0,1,neural-expand
g1-neural-expand,data-science,embeddings,True,0.60043749109768,0.8789004393851517,0.27846294828747176,0.27846294828747176,1,neural-expand
g1-neural-expand,data-science,ensemble,True,0.9278098590730673,0.9246622041386964,-0.003147654934370969,-0.003147654934370969,1,neural-expand
g1-neural-expand,data-science,entity-graph,True,0.8579062471314278,0.8579062471314278,0.0,0.0,1,neural-expand
g1-neural-expand,data-science,graphify,True,0.5440998456059355,0.5440998456059355,0.0,0.0,1,neural-expand
g1-neural-expand,data-science,legacy,True,0.8321588233274824,0.8321588233274824,0.0,0.0,1,neural-expand
g1-neural-expand,data-science,turso,True,0.4016212910774567,0.4016212910774567,0.0,0.0,1,neural-expand
g1-neural-expand,enterprise,adaptive,True,0.5033603261131847,0.5056922738907149,0.0023319477775302078,0.0023319477775302078,1,neural-expand
g1-neural-expand,enterprise,classical,True,0.43423767296046306,0.4434644291211766,0.009226756160713556,0.009226756160713556,1,neural-expand
g1-neural-expand,enterprise,embeddings,True,0.516406878690786,0.6319043854152289,0.11549750672444281,0.11549750672444281,1,neural-expand
g1-neural-expand,enterprise,ensemble,True,0.5534950398893288,0.5435477103092605,-0.009947329580068276,-0.009947329580068276,1,neural-expand
g1-neural-expand,enterprise,entity-graph,True,0.4673466879301481,0.4673466879301481,0.0,0.0,1,neural-expand
g1-neural-expand,enterprise,graphify,True,0.13626228624863054,0.13626228624863054,0.0,0.0,1,neural-expand
g1-neural-expand,enterprise,legacy,True,0.5749695375722894,0.5749695375722894,0.0,0.0,1,neural-expand
g1-neural-expand,enterprise,turso,True,0.40319114502840775,0.40319114502840775,0.0,0.0,1,neural-expand
g1-neural-titles,architecture,adaptive,True,0.8560699230171966,0.8629002689877016,0.006830345970504914,0.006830345970504914,1,neural-titles
g1-neural-titles,architecture,classical,True,0.9257807641624444,0.9185135776430311,-0.007267186519413271,-0.007267186519413271,1,neural-titles
g1-neural-titles,architecture,embeddings,True,0.7237714735653961,0.7708433851860573,0.047071911620661266,0.047071911620661266,1,neural-titles
g1-neural-titles,architecture,ensemble,True,0.8500964545549008,0.8460134884963335,-0.004082966058567283,-0.004082966058567283,1,neural-titles
g1-neural-titles,architecture,entity-graph,True,0.8350413379424438,0.8350413379424438,0.0,0.0,1,neural-titles
g1-neural-titles,architecture,graphify,True,0.5775650846510725,0.5775650846510725,0.0,0.0,1,neural-titles
g1-neural-titles,architecture,legacy,True,0.8154736310803241,0.8154736310803241,0.0,0.0,1,neural-titles
g1-neural-titles,architecture,turso,True,0.5840043018567261,0.5840043018567261,0.0,0.0,1,neural-titles
g1-neural-titles,astro,adaptive,True,0.8333545047679802,0.8085569389955969,-0.024797565772383345,-0.024797565772383345,1,neural-titles
g1-neural-titles,astro,classical,True,0.8333545047679802,0.8085569389955969,-0.024797565772383345,-0.024797565772383345,1,neural-titles
g1-neural-titles,astro,embeddings,True,0.7851983317054789,0.7434446547499104,-0.04175367695556853,-0.04175367695556853,1,neural-titles
g1-neural-titles,astro,ensemble,True,0.8262231573917006,0.8157346137323568,-0.010488543659343819,-0.010488543659343819,1,neural-titles
g1-neural-titles,astro,entity-graph,True,0.6947023065501792,0.6947023065501792,0.0,0.0,1,neural-titles
g1-neural-titles,astro,graphify,True,0.5779156769160976,0.5779156769160976,0.0,0.0,1,neural-titles
g1-neural-titles,astro,legacy,True,0.6051893734409577,0.6051893734409577,0.0,0.0,1,neural-titles
g1-neural-titles,astro,turso,True,0.47813551023378115,0.47813551023378115,0.0,0.0,1,neural-titles
g1-neural-titles,data-science,adaptive,True,0.9178174181007902,0.9191690778762306,0.0013516597754403836,0.0013516597754403836,1,neural-titles
g1-neural-titles,data-science,classical,True,0.8053872497363544,0.8053872497363544,0.0,0.0,1,neural-titles
g1-neural-titles,data-science,embeddings,True,0.60043749109768,0.8789004393851517,0.27846294828747176,0.27846294828747176,1,neural-titles
g1-neural-titles,data-science,ensemble,True,0.9278098590730673,0.9296284469032129,0.001818587830145546,0.001818587830145546,1,neural-titles
g1-neural-titles,data-science,entity-graph,True,0.8579062471314278,0.8579062471314278,0.0,0.0,1,neural-titles
g1-neural-titles,data-science,graphify,True,0.5440998456059355,0.5440998456059355,0.0,0.0,1,neural-titles
g1-neural-titles,data-science,legacy,True,0.8321588233274824,0.8321588233274824,0.0,0.0,1,neural-titles
g1-neural-titles,data-science,turso,True,0.4016212910774567,0.4016212910774567,0.0,0.0,1,neural-titles
g1-neural-titles,enterprise,adaptive,True,0.5033603261131847,0.5033603261131847,0.0,0.0,1,neural-titles
g1-neural-titles,enterprise,classical,True,0.43423767296046306,0.43423767296046306,0.0,0.0,1,neural-titles
g1-neural-titles,enterprise,embeddings,True,0.516406878690786,0.6319043854152289,0.11549750672444281,0.11549750672444281,1,neural-titles
g1-neural-titles,enterprise,ensemble,True,0.5534950398893288,0.5566385701162351,0.003143530226906277,0.003143530226906277,1,neural-titles
g1-neural-titles,enterprise,entity-graph,True,0.4673466879301481,0.4673466879301481,0.0,0.0,1,neural-titles
g1-neural-titles,enterprise,graphify,True,0.13626228624863054,0.13626228624863054,0.0,0.0,1,neural-titles
g1-neural-titles,enterprise,legacy,True,0.5749695375722894,0.5749695375722894,0.0,0.0,1,neural-titles
g1-neural-titles,enterprise,turso,True,0.40319114502840775,0.40319114502840775,0.0,0.0,1,neural-titles
g1-neural-bm25,architecture,adaptive,True,0.8560699230171966,0.8579850860692957,0.0019151630520990448,0.0019151630520990448,1,neural-bm25
g1-neural-bm25,architecture,classical,True,0.9257807641624444,0.8982687155213783,-0.027512048641066045,-0.027512048641066045,1,neural-bm25
g1-neural-bm25,architecture,embeddings,True,0.7237714735653961,0.7708433851860573,0.047071911620661266,0.047071911620661266,1,neural-bm25
g1-neural-bm25,architecture,ensemble,True,0.8500964545549008,0.8512091417677817,0.0011126872128809362,0.0011126872128809362,1,neural-bm25
g1-neural-bm25,architecture,entity-graph,True,0.8350413379424438,0.8342284796895436,-0.0008128582529002282,-0.0008128582529002282,1,neural-bm25
g1-neural-bm25,architecture,graphify,True,0.5775650846510725,0.5775650846510725,0.0,0.0,1,neural-bm25
g1-neural-bm25,architecture,legacy,True,0.8154736310803241,0.8154736310803241,0.0,0.0,1,neural-bm25
g1-neural-bm25,architecture,turso,True,0.5840043018567261,0.5840043018567261,0.0,0.0,1,neural-bm25
g1-neural-bm25,astro,adaptive,True,0.8333545047679802,0.777380336447773,-0.055974168320207185,-0.055974168320207185,1,neural-bm25
g1-neural-bm25,astro,classical,True,0.8333545047679802,0.777380336447773,-0.055974168320207185,-0.055974168320207185,1,neural-bm25
g1-neural-bm25,astro,embeddings,True,0.7851983317054789,0.7434446547499104,-0.04175367695556853,-0.04175367695556853,1,neural-bm25
g1-neural-bm25,astro,ensemble,True,0.8262231573917006,0.776574550158071,-0.04964860723362963,-0.04964860723362963,1,neural-bm25
g1-neural-bm25,astro,entity-graph,True,0.6947023065501792,0.6666633672811659,-0.02803893926901324,-0.02803893926901324,1,neural-bm25
g1-neural-bm25,astro,graphify,True,0.5779156769160976,0.5779156769160976,0.0,0.0,1,neural-bm25
g1-neural-bm25,astro,legacy,True,0.6051893734409577,0.6051893734409577,0.0,0.0,1,neural-bm25
g1-neural-bm25,astro,turso,True,0.47813551023378115,0.47813551023378115,0.0,0.0,1,neural-bm25
g1-neural-bm25,data-science,adaptive,True,0.9178174181007902,0.9196591552903186,0.001841737189528403,0.001841737189528403,1,neural-bm25
g1-neural-bm25,data-science,classical,True,0.8053872497363544,0.8053872497363544,0.0,0.0,1,neural-bm25
g1-neural-bm25,data-science,embeddings,True,0.60043749109768,0.8789004393851517,0.27846294828747176,0.27846294828747176,1,neural-bm25
g1-neural-bm25,data-science,ensemble,True,0.9278098590730673,0.9390012152794902,0.011191356206422864,0.011191356206422864,1,neural-bm25
g1-neural-bm25,data-science,entity-graph,True,0.8579062471314278,0.8074350170222658,-0.05047123010916199,-0.05047123010916199,1,neural-bm25
g1-neural-bm25,data-science,graphify,True,0.5440998456059355,0.5440998456059355,0.0,0.0,1,neural-bm25
g1-neural-bm25,data-science,legacy,True,0.8321588233274824,0.8321588233274824,0.0,0.0,1,neural-bm25
g1-neural-bm25,data-science,turso,True,0.4016212910774567,0.4016212910774567,0.0,0.0,1,neural-bm25
g1-neural-bm25,enterprise,adaptive,True,0.5033603261131847,0.5068734091416912,0.003513083028506503,0.003513083028506503,1,neural-bm25
g1-neural-bm25,enterprise,classical,True,0.43423767296046306,0.442499636298842,0.00826196333837892,0.00826196333837892,1,neural-bm25
g1-neural-bm25,enterprise,embeddings,True,0.516406878690786,0.6319043854152289,0.11549750672444281,0.11549750672444281,1,neural-bm25
g1-neural-bm25,enterprise,ensemble,True,0.5534950398893288,0.5407662212621369,-0.012728818627191885,-0.012728818627191885,1,neural-bm25
g1-neural-bm25,enterprise,entity-graph,True,0.4673466879301481,0.47275963568195856,0.0054129477518104485,0.0054129477518104485,1,neural-bm25
g1-neural-bm25,enterprise,graphify,True,0.13626228624863054,0.13626228624863054,0.0,0.0,1,neural-bm25
g1-neural-bm25,enterprise,legacy,True,0.5749695375722894,0.5749695375722894,0.0,0.0,1,neural-bm25
g1-neural-bm25,enterprise,turso,True,0.40319114502840775,0.40319114502840775,0.0,0.0,1,neural-bm25
g1-expand-titles,architecture,adaptive,False,0.8560699230171966,0.8591134057567977,,0.003043482739601089,1,expand-titles
g1-expand-titles,architecture,classical,False,0.9257807641624444,0.9130658478616225,,-0.012714916300821888,1,expand-titles
g1-expand-titles,architecture,embeddings,False,0.7237714735653961,0.7237714735653961,,0.0,1,expand-titles
g1-expand-titles,architecture,ensemble,False,0.8500964545549008,0.8547148866549943,,0.004618432100093495,1,expand-titles
g1-expand-titles,architecture,entity-graph,False,0.8350413379424438,0.8350413379424438,,0.0,1,expand-titles
g1-expand-titles,architecture,graphify,False,0.5775650846510725,0.5775650846510725,,0.0,1,expand-titles
g1-expand-titles,architecture,legacy,False,0.8154736310803241,0.8154736310803241,,0.0,1,expand-titles
g1-expand-titles,architecture,turso,False,0.5840043018567261,0.5840043018567261,,0.0,1,expand-titles
g1-expand-titles,astro,adaptive,False,0.8333545047679802,0.8006091744649313,,-0.032745330303048936,1,expand-titles
g1-expand-titles,astro,classical,False,0.8333545047679802,0.8006091744649313,,-0.032745330303048936,1,expand-titles
g1-expand-titles,astro,embeddings,False,0.7851983317054789,0.7851983317054789,,0.0,1,expand-titles
g1-expand-titles,astro,ensemble,False,0.8262231573917006,0.7984135355121207,,-0.027809621879579915,1,expand-titles
g1-expand-titles,astro,entity-graph,False,0.6947023065501792,0.6947023065501792,,0.0,1,expand-titles
g1-expand-titles,astro,graphify,False,0.5779156769160976,0.5779156769160976,,0.0,1,expand-titles
g1-expand-titles,astro,legacy,False,0.6051893734409577,0.6051893734409577,,0.0,1,expand-titles
g1-expand-titles,astro,turso,False,0.47813551023378115,0.47813551023378115,,0.0,1,expand-titles
g1-expand-titles,data-science,adaptive,False,0.9178174181007902,0.918869991908305,,0.0010525738075147784,1,expand-titles
g1-expand-titles,data-science,classical,False,0.8053872497363544,0.8053872497363544,,0.0,1,expand-titles
g1-expand-titles,data-science,embeddings,False,0.60043749109768,0.60043749109768,,0.0,1,expand-titles
g1-expand-titles,data-science,ensemble,False,0.9278098590730673,,,,1,expand-titles
g1-expand-titles,data-science,entity-graph,False,0.8579062471314278,0.8579062471314278,,0.0,1,expand-titles
g1-expand-titles,data-science,graphify,False,0.5440998456059355,0.5440998456059355,,0.0,1,expand-titles
g1-expand-titles,data-science,legacy,False,0.8321588233274824,0.8321588233274824,,0.0,1,expand-titles
g1-expand-titles,data-science,turso,False,0.4016212910774567,0.4016212910774567,,0.0,1,expand-titles
g1-expand-titles,enterprise,adaptive,False,0.5033603261131847,0.5056922738907149,,0.0023319477775302078,1,expand-titles
g1-expand-titles,enterprise,classical,False,0.43423767296046306,0.4434644291211766,,0.009226756160713556,1,expand-titles
g1-expand-titles,enterprise,embeddings,False,0.516406878690786,0.516406878690786,,0.0,1,expand-titles
g1-expand-titles,enterprise,ensemble,False,0.5534950398893288,0.5401874564475949,,-0.013307583441733883,1,expand-titles
g1-expand-titles,enterprise,entity-graph,False,0.4673466879301481,0.4673466879301481,,0.0,1,expand-titles
g1-expand-titles,enterprise,graphify,False,0.13626228624863054,0.13626228624863054,,0.0,1,expand-titles
g1-expand-titles,enterprise,legacy,False,0.5749695375722894,0.5749695375722894,,0.0,1,expand-titles
g1-expand-titles,enterprise,turso,False,0.40319114502840775,0.40319114502840775,,0.0,1,expand-titles
