family,treatment,candidate,strategy,qualified,ndcg_at_10,improved_incumbent,consecutive_failures,variant,skill_digest,job_id,job_result_sha256,native_lock_sha256
legacy,consultation,baseline,baseline,True,0.5749695375722894,False,0,{},sha256:0fb227d81f64ba9e930a0b720bc9b4133681ff236b45d622d390f8bb2c948746,0af2176a-fdb7-406c-bdbc-9aa44e0d0aa4,13611cdf726aecd8c485cd4f9ddf477280890bc45c67805542e0bbcee7325177,d49a9ccdfb97dd56644faa24028d199c00dfeaa8ef2c6b1718d5c6d40449a521
legacy,consultation,candidate-001,bm25-saturation,True,0.5868341631156483,True,0,"{""engine"": ""bm25"", ""k1"": 1.2}",sha256:1300146d83059eaf1056be7342384f98be8fd59ca4d474f089e1840e777a75b6,0401b33b-a77f-4347-ace2-c509a760c1d4,6c40aea260cd9143edfc6c776c1a33ed0bcbc8178f17ca2c38cf63ffcfc4cfc1,f6176ba08b6a3f96c67557b0f6971fa29658fecb0b30bf0af516cbf916133b1c
legacy,consultation,candidate-002,bm25-saturation,True,0.5814176888760005,False,1,"{""engine"": ""bm25"", ""k1"": 0.6}",sha256:f88950f8808c3b3cb4b599d5d607e9e0e1f70e0af1e3e98e1821c6cddab1307a,82be1f41-380c-4ece-b680-b3cfed9f493c,e4235fd2aa1cc9a3b4caa0eacd9e9e1f6acb3d098ff4fcf5c2a3277b3515ab63,04fcafafb7462cb065e678933c38dd042cd053a720ee8b58acdabb68c07fcb44
legacy,consultation,candidate-003,bm25-saturation,True,0.5961724167905328,True,0,"{""engine"": ""bm25"", ""k1"": 2.0}",sha256:94bc21841c665d2470ee0f2a4fd8a9b00e874ee6ba65fbce223f379fa675a67e,ded01420-6d4d-41f1-b2c7-bba240e0f824,5faac10464be2aca545593329bad6001c60d22d5a7070876f57d9701677afcb3,1f0f9a1b1c444abac5a47b6ccd52c3e849153c848f3d7484111da6b996e70102
legacy,consultation,candidate-004,bm25-saturation,True,0.5952238585899123,False,1,"{""engine"": ""bm25"", ""k1"": 3.0}",sha256:32e9f5c2e85a97c380a4b5b2da053c5756db59bf1797109f12e7fad7538ea726,3c0ad343-a644-4fd6-9885-f3d0d2ed8e8f,5f4e6acf915d0496c0031ac8aa12a06303e3fe95a106df49f544dc1e3dad4729,9a64b034ac12f7b1d6b1991db90c1cb14f54fc373611bcfd19d1ae5969241bc3
legacy,consultation,candidate-005,length-normalization,True,0.5777585149949644,False,1,"{""b"": 0.25, ""engine"": ""bm25""}",sha256:970893882100d10384b70b066683802006bbef4287314fb987af06498d266b7d,2fb08505-0617-48dc-839c-d8f720b5a125,b28348a8e00aaa80adf2d13762577f2938dbcf081721a4a19f147e78a4b61f35,bacb8ab04c2dc9e0e7b0c50babab6b97a53460cfcaaed94291c11327c8d04fe9
legacy,consultation,candidate-006,length-normalization,True,0.5651710648556278,False,2,"{""b"": 0.0, ""engine"": ""bm25""}",sha256:3ff86aa147acad726a0b23ac5840afe07dc7d8c055fb7809baf41c0248c6e42c,ece5284b-ddd8-4125-9a2a-ddce9a2ed474,2e18eb631ded5ab4b898e6116cfc93520f4eef7fe69d1fc3f34c44e23c1efadb,cf63d538390cf58793572d88f46ac460f5e8fda7de26e6480072814183858df3
legacy,consultation,candidate-007,length-normalization,True,0.584827182844353,False,3,"{""b"": 0.5, ""engine"": ""bm25""}",sha256:f2d54bb0a85c36584744996122b4829ca7cf3292e8fdb3d3cf2ee65cd67047ce,3a22e695-56cc-4176-b2c9-03de0243e274,94dd5bd8a2b92f02a6b59f5a908eacb86053a1bcc1812ac16384799912d17e34,c4d8da64b2cc037e7f4f92d59b1b98fc184285abc5f43699056ca6ca4dc27893
legacy,consultation,candidate-008,title-weight,True,0.5897017567394892,False,1,"{""engine"": ""bm25"", ""title_weight"": 2.0}",sha256:55257ad5a2346576a152a02f0f444786d33335db4cc86e2418ca0b0a6e01c78f,d939b99e-2a3c-4c8f-adce-426683f9aab9,32578d05ec7e595aca3566b47c8696e9a81bb0bb0a841b68f095ecb43511c1e1,cc7cad5ef5e0fd88a03a94cea0f6a080f41017bcbec97c316f11a2e6ecbd3a55
legacy,consultation,candidate-009,title-weight,True,0.5877438972143467,False,2,"{""engine"": ""bm25"", ""title_weight"": 4.0}",sha256:aa44e9059f06df54f584fa5c21603e4fd6c2b7d84b2c1a694288773a3487d6db,d43cfc79-f1d8-4422-896c-bfdae06ad311,7c0d1b1cd8b9946a02cc252c37d5b2edb73347fb0be63e44c551b5e28c52a56e,7e146b8b54043157f9d2655f6a3dc7a725d2a0a83497c779d30673700bf8457e
legacy,consultation,candidate-010,title-weight,True,0.5808281321115133,False,3,"{""engine"": ""bm25"", ""title_weight"": 8.0}",sha256:e33db796e2b9a5ed6e5ec62432189655e9d3eff24854c5218962ca2bac75835e,94a5fa64-fece-44d2-98b8-3e2495f8a360,11f09fd34b3e3892840139532ff0c8a842383c04a4f1c1b373e1e477677b4d82,68f930363c29db257fc2b96cf9e9b2591e28e1282aa2bcac65e5935f33e655b7
embeddings,construction,baseline,baseline,True,0.6319043854152289,False,0,{},sha256:0fb227d81f64ba9e930a0b720bc9b4133681ff236b45d622d390f8bb2c948746,401d249d-4ece-4085-a709-3c7d24c5f006,565dd71c5aeefd395a8a52b3e235d5e953febd015eedcdcc9d62b35ba39fca5a,e878de25c509fb45829831645e8089fcdd7947d8f2759607e98234c670976ffb
embeddings,construction,candidate-001,semantic-segmentation,True,0.6319043854152289,False,1,"{""chunking.breakpoint_percentile_threshold"": 95, ""chunking.strategy"": ""semantic""}",sha256:db646c056626722c1a14164d0b7c50711d8f1606fcd4c41d54c53fd103e670b6,f8cc9b38-0f01-48c3-9fa1-b6a04981d251,900a68a9feb8715df2bc99d1556b9f49f7b0e1726f65f3628cb77d1891520630,ef5d43f0f3a10b664326c1cafe21d07d03a036d6f3742186ea7adb1ef2198cd9
embeddings,construction,candidate-002,semantic-segmentation,True,0.6319043854152289,False,2,"{""chunking.breakpoint_percentile_threshold"": 90, ""chunking.strategy"": ""semantic""}",sha256:ce8eb93f2d8a00dde8350b603bcb9dfaee2b7a0c3d00e4ef2ce7ef7336d95de3,e59c4677-7e30-4378-8ace-7cec43a44c98,53ba66a92322b7ecb6baac9adc14ae8eabcc0653895daee9e16ff562e2bd0c31,e8e0d7703a26fb6d5aa8e873e069ab312335fd6c299b18f4c420921c79917308
embeddings,construction,candidate-003,semantic-segmentation,True,0.6319043854152289,False,3,"{""chunking.breakpoint_percentile_threshold"": 80, ""chunking.strategy"": ""semantic""}",sha256:6087484d44c5534c4d0840376a3c51d89b0c0dfe3c1d1d13ddddf2fa58a0795c,df7a2ded-1d91-4b69-8306-c31cf54baa4f,45acfac50c0213628c8e012cfd5c2d5cf151cff87ca61a37b64c3f9ba90475a9,54a6bee6746d2359944f3d6909751e045aa5dafa352aa5fea3a0c617683e6334
embeddings,construction,candidate-004,semantic-context,True,0.6319043854152289,False,1,"{""chunking.buffer_size"": 2, ""chunking.strategy"": ""semantic""}",sha256:550ee813870dc03140d8f6679e3d39400979f89053349667993e7ec99f3466ac,cf242d05-51c4-45e5-a47c-4490ce984da3,874b648831030c68e321f1ab208b13aa73c894a6aedb1ab7c7813f6bd92cfe59,37c203b29b6dc66dace0597a9accd95e705e5cfacca21b5a1e0f8fa0c037f421
embeddings,construction,candidate-005,semantic-context,True,0.6319043854152289,False,2,"{""chunking.buffer_size"": 3, ""chunking.strategy"": ""semantic""}",sha256:34cdbc60b5bbe0848f3ee24c03b856c3be909fe3e3f02f643314931a262ab11c,ae97aaa1-fb7c-400e-8e55-55f67aba913a,c35d8e0356d8dc4c1694879e4c75b5faa3a8f29b426ad48e7fdc0f36c71b1a5f,6f3247d904048ed392ca5e8728db34fa012e6e41c99b4146a9d10940987e01c8
embeddings,construction,candidate-006,semantic-context,True,0.6319043854152289,False,3,"{""chunking.buffer_size"": 4, ""chunking.strategy"": ""semantic""}",sha256:7efd292fb926b9ca9b31093342514107676ed506212d76b0c8473752c0ad193e,e6126585-6cfa-49b9-bf67-e3990fec3562,e49dd2523a61078de45f52904b2d913571fd1596d7be562bec49d48355970d9a,29693a99d09a786b338c4ea362b8bfacefee68a3bedf565a225cb0729a092a80
classical,construction,baseline,baseline,True,0.4434644291211766,False,0,{},sha256:0fb227d81f64ba9e930a0b720bc9b4133681ff236b45d622d390f8bb2c948746,75026e4d-ee0e-4e56-97b5-4c4eb391e4d3,accdbc59e540a88ac3e9801509fae7880adc2fae2b948df09d1cd5dc59e5f62f,f1f5b779da1784ccd645492efed8baf299b5051c9c1ee2e55ba47f820f6fa88e
classical,construction,candidate-001,length-normalization,True,0.44627512675453707,True,0,"{""bm25.b"": 0.25}",sha256:29aca5e603de2924e25ca86f170af51af1dbcaefbdd4a4a12447e46cb32a926a,2a3f8845-e4e2-47c0-97b8-e5a6a358b015,f994d42e1f4ab71eae1e102349d4abfed8dd193bba5c23d942ee11a956148a39,041c2254705d0c03e214330576258ff390ef9e475934f78fd4b21e3633f22ecd
classical,construction,candidate-002,length-normalization,True,0.41703716746762476,False,1,"{""bm25.b"": 0.0}",sha256:7af13cb8af842a1a2991d7efd5db02d3692b37b431c889b18b22d6875304a0f4,175e442a-07d1-4adb-8a70-e24ed81ab694,c0979a3bcb97740913ad392494cc245459e70b549319adde12ebc949cf5c9ef1,bec9d04e48f4c9c369f12c15cc6d7347b7445845bcce6b2e5c6ea6e892057eab
classical,construction,candidate-003,length-normalization,True,0.44843042295215757,True,0,"{""bm25.b"": 0.5}",sha256:edb7c905ea12d5db7cca58d14cddabf2fb6f471f217803b0b75abec7aa7de577,49bd5440-89b3-40fe-9cb7-acd639e69321,10b9ea1c06a843c5a5454b858782b3fd0aebf11acd807cd14f335d2f9024d4df,ec3eba4d70918084b5599ee1f153f79b199cdfd71a60cdc2ce6a20e939b21dd9
classical,construction,candidate-004,length-normalization,True,0.4581750361152096,True,0,"{""bm25.b"": 1.0}",sha256:4b9115f8abb2dbcead2b60a397521e4d38d5a32af58f27d0aed8fe5dae774ea3,95537121-ea37-4fe9-8743-28af15b9cf4a,c129f086a3b89e2e5d7eb5eaf709a7ca8cba15b2d35800f52dc673480bd2b0e6,e78199146763f7d71af87ab6d76d9c12b1245bd3b97cb8748364191e1a912def
classical,construction,candidate-005,bm25-saturation,True,0.44596211048325485,False,1,"{""bm25.k1"": 0.6}",sha256:0d7c1861c777d51edf0ae45c9eca3a8214dc543922c77dd5af6d2d358546609a,e58b6f29-06cc-42ad-ac12-bbbffdd63739,a726d2e99eb06475ab2cf43cb73fa44cd601534c22939c18c43b18ea7e5a1660,8e1fa3308a39313314d13832150ee2c6651503b1050eb2946c0077d497e86cb4
classical,construction,candidate-006,bm25-saturation,True,0.45748319911410834,False,2,"{""bm25.k1"": 2.0}",sha256:d449e90b9b8244e81d5c6fac69aded8514456087237f0817616c528a4db87248,381e6204-0f79-4b23-b40b-c4e43c76fda3,c6864f78a3759b3978af4d67bb52c73528e5a1bd08987bb5ac7a2dc584b61b39,1beae7b39d85180c7255107ff7eca7da083bb6e1feeb104a886b3a7545ce25e7
classical,construction,candidate-007,bm25-saturation,True,0.45748319911410834,False,3,"{""bm25.k1"": 3.0}",sha256:b259467f8475e617d5f12f956a8c90c614bfdb0b845d2477680e55083bfab35c,5cad6ac9-8ca1-4d90-b810-2e54e451cf36,220c710585655107e6381b309964542aaba038ae4c72c925e507c89c15ec330e,2b95cd3781ece9edb19136163d8af4ef90d1b75595097241c56334bf6d9fe255
classical,construction,candidate-008,title-weight,True,0.4581750361152096,False,1,"{""bm25.title_weight"": 4.0}",sha256:eab119b18ddd6f4d38f108eb8a89a896864c4b8c27f7ac5239ce715b094234bb,4b0d5ff7-5eca-458d-8854-36d56507a5e4,cc33af2a8e8b471e45ec77599e7157c6fb12aeb128f9df2d6aafb2213dbd1a2c,6e46fcbf4fa9db10b14c1579bc66a5eb4b0b8b7faf4593f4ea93d031d9c6b7fe
classical,construction,candidate-009,title-weight,True,0.4581750361152096,False,2,"{""bm25.title_weight"": 8.0}",sha256:ff3269b4c7318e02bd3f8f056e6c54df49c5e80f14ecf12ab4f479f356ecb65d,c13cab44-1804-4362-aaef-35e2dda2438c,29ce29c068c54a24c9fe8863b3d01c7d8a54d37009ed1199d1faa496f44fec7b,143ee39cafbfd05712b53aff63dd8e9142dac7ed47292e02624d21de8957f988
classical,construction,candidate-010,title-weight,True,0.4619505265709048,True,0,"{""bm25.title_weight"": 1.0}",sha256:23d8ad8e36d26c7de2069b61b1ea5bac32a58c7e095b764464330c9d2a45477e,e0d82157-cd81-4ea0-a9da-1257a18c0c8d,dc0d8a1b9f5420e2bc303a5725700b093311918b88e16230506afc303335f57f,4d2f66d5784d6348378f5d131500bcde9b2cc0e4e298597e1a7bcbdf80d91cc9
classical,construction,candidate-011,expansion-strength,True,0.44617728273161833,False,1,"{""expansion.association_weight"": 0.0, ""expansion.topic_weight"": 0.0}",sha256:0cb9b79377c97caf877cc6edc96666d4b4cafd115d81f68536f974e59129c39a,f3b5946f-a7b2-48e6-ad6f-3da52a32aadd,99bdf5a173ac6f7609883c73a227baa7715e2513e997cee85d4c7f45ba386f5f,8b91e351be396749358abad5020745a1976ea5f64932b33801da4470ac689066
classical,construction,candidate-012,expansion-strength,True,0.4581750361152096,False,2,"{""expansion.association_weight"": 0.175, ""expansion.topic_weight"": 0.1}",sha256:a253737d35a5c6e0ffafd50dc94763709fcae48f7a6bb343e8c3e647e2d80478,13e6df6f-a999-4d35-aba8-1c6d39b8703c,ee75b3640c46e414a2e6793bcd3a1aa9d722e62f403dd2a8281f7865fe63da84,67c241aa241ecf0fdca3b39736f4fbeae86cefb47e0d920b4607ed8ce836b7c7
classical,construction,candidate-013,expansion-strength,True,0.43533289493401756,False,3,"{""expansion.association_weight"": 0.7, ""expansion.topic_weight"": 0.4}",sha256:d5fb04c8180e88039e47e27bf14540bc4dc27dbf7c871fa5f7ceda084990355c,f2614b94-90ff-4157-885e-66511c2bce5b,a53706c168046cb10039e81e416beadc1f600ff54a80624be5f48c304fdb2f87,1e0d257b9256e185802f8327e8a32c12cd3d3f2dd2eeae481d6880f6f7d3230d
classical,construction,candidate-014,relevance-diversity,True,0.48205239960246027,True,0,"{""reranking.relevance_weight"": 1.0, ""reranking.source_novelty_weight"": 0.0, ""reranking.topic_novelty_weight"": 0.0}",sha256:8d97f28b9ff9c45528e8b03b373a7ba0c32c90ffb46c764f672f73abf04db62d,b8ff3f8e-8e38-4aa3-8e88-99698a787490,56075eef4ba688bdc052db1354c9da57df980d045e6e8eb0410793bad8a3a8b3,353cdd061aec801949adab5805b9c420006d2c0d92a2405f78df9c26f464ee98
classical,construction,candidate-015,relevance-diversity,True,0.47352289832862493,False,1,"{""reranking.relevance_weight"": 0.9, ""reranking.source_novelty_weight"": 0.04999999999999999, ""reranking.topic_novelty_weight"": 0.04999999999999999}",sha256:1d4a6797db89b72a8b990ae994d0d33198db624481621bba936e808ea774c46d,31371a9d-c6b9-46e1-af4c-f274372e1223,f0e2289ae292099dcb0ded333c8701a93f952aee1a2ca14421bc327dab46e45b,abcdd84de5d450a8f3f8d6b330e26a5fefc2d993ba74e8fc2f11ac3dfe924d61
classical,construction,candidate-016,relevance-diversity,True,0.4330053082337522,False,2,"{""reranking.relevance_weight"": 0.5, ""reranking.source_novelty_weight"": 0.25, ""reranking.topic_novelty_weight"": 0.25}",sha256:08dc64d88452f629505e886a4e91b7225ed4116a3854c051fd61157727b3def5,69a9df81-dfb0-4170-8c7f-de23f57f065d,d671ebac3c9d162c054a589391ec4bcdcbcd3c8e129601ec2c03e1331c1fc134,eb952c0e5036b225137ddf5b63f1c0f55a46ce5ee57b038d22c9566321a31be3
adaptive,construction,baseline,baseline,True,0.5068734091416912,False,0,{},sha256:0fb227d81f64ba9e930a0b720bc9b4133681ff236b45d622d390f8bb2c948746,baded534-e4e9-4623-b22e-76ee494dd295,656fd5269a3c64e312569ab163ca789c82dafc44b04a06e50805298dea09c0f1,b6fd80d0e2f5054de8813a7f1b38d38e72cb3dafbf385c2c840a91c585150d77
adaptive,construction,candidate-001,length-normalization,True,0.5057704507992754,False,1,"{""bm25.b"": 0.0}",sha256:a4ce263d4e873c4f928fca86fab883ef7b48dba36ce1be57ddfa037a3c540305,cda412eb-c4c4-4f3c-9c17-0760904c18a8,8c172520b00e88a54f8c25d6c8acf3e29c4fd3757b3fde632e82dafab1870415,f074d81c5019e81d6141c0deff8feaca36a74eefb6af6d6458f3b90c210fb36a
adaptive,construction,candidate-002,length-normalization,True,0.5154055533484039,True,0,"{""bm25.b"": 0.5}",sha256:ae04849a5bc333d58d403c00af11616fa87b7d0b6d53c395bf4248f5cf2e4126,d761a1e5-8e4e-4c48-9f93-ee9e6de1ae8b,413b4956f2c9260995f9fd0cfad575b21aeba16faac4974d3ad862f79b47efbf,b59c061022f25e3bead5edb31c588259734b849005156a194b446194c4ef6d57
adaptive,construction,candidate-003,length-normalization,True,0.5190448134260887,True,0,"{""bm25.b"": 1.0}",sha256:5e3ce0e497c336e6e7a10e203e44a649501a0dd30dbb5afcfad3aca9c7fa75a0,2e1bd9d4-30b8-470a-ba7e-e1c83a8dee9c,236c4c1137a25198a680238caf89972ac1efe4083e93983b0f193c83c1632ff3,2c8280228547d65dd36fae19143544cbfffc9d96d97d90eaefde3ca07b545f22
adaptive,construction,candidate-004,bm25-saturation,True,0.5103541402768769,False,1,"{""bm25.k1"": 0.6}",sha256:24223de7a17f7d567bb6191b87615b490626732bcf0cf03b529660097ca4ab9a,7fb0c1fe-2507-4e5d-849d-3b0568e00acd,5433dbc02613ca656946bd9d01548f076bc8cdd73523a5dd44efa8c11dae447d,39b88b9af20b4672f8ab93eead1604171111e31909790fc34042b2c43b5f8243
adaptive,construction,candidate-005,bm25-saturation,True,0.5184405711793014,False,2,"{""bm25.k1"": 2.0}",sha256:c95ee16261c08d789b10a9568cce09e94a99f2e0b556370c5d9b052b7ca34e1c,dc06e09d-e2fc-4208-a61e-ec206cd8267d,1bfc476daff75894d0bb1390c64b229afd45da23bd9bbf2645998aa80eeb131d,822393b9dbb2137c7e2144a8dcf69a2ee569699b0bce57f0f8f644ca3ac5c208
adaptive,construction,candidate-006,bm25-saturation,True,0.49850607101932515,False,3,"{""bm25.k1"": 3.0}",sha256:0cabe0f9ffa5a21c16aa1e7566d3f2929dc57e020f9e6959277cd5015176e195,b6a841d6-eb17-4c1a-aa0a-4cacb6684a68,26587d28f43cdddcc6bea8be018c06f56054a9a35fee1d0d538b5a69142de1e9,4a43da75c11b5f411c233865e277157b6e15ad1fed13f76e3ac545d0a08022c7
adaptive,construction,candidate-007,title-weight,True,0.5190448134260887,False,1,"{""bm25.title_weight"": 4.0}",sha256:e867f2babcdfa3283065ee29bdc805a8eb8b25475bb1d658ef7e48bff2628e82,ce67a2cc-ece8-4dd2-81d8-3feaa74742b9,40d6807d0360eabd6dd7ef8cdf8f7758219adf35b4f8c470db085681d47fb980,e75ec6da5fa71e6d7ea6ea6cf6db1deeeff57b223f682d4d1d14bc900425e6b1
adaptive,construction,candidate-008,title-weight,True,0.5190448134260887,False,2,"{""bm25.title_weight"": 8.0}",sha256:a55c43a758c8a0b883a54e3090f3f8c3bf64317f89de2433426f2bc0b1f4a953,e446a9aa-dacc-4aee-a2bf-6c6b773d46b8,a0f78a660704872f85c00e3730abe794356d9167ec95b224127a9a4335e54998,0a492b728528b3f77e0dbe0955b3641c6c8dce2f5a50a51dec51e8a0eab525dd
adaptive,construction,candidate-009,title-weight,True,0.5192943777684301,True,0,"{""bm25.title_weight"": 1.0}",sha256:d4c4612ec3d7f9fcf321e48dc9069b43cb208e4b45c8daecef88d9ee4382e574,4ad49438-dc56-41dd-b1bd-a946d55f5391,f3a2e0a93ca7caaaecaec1eb9fe2cbe04bd54fc1572653eda309b375dafea5d8,5e3160c31ea00e934dabc7889705a2228137b5bfc335d7058fe5dad0f4bf6c3b
adaptive,construction,candidate-010,expansion-strength,True,0.5164197986167101,False,1,"{""expansion.association_weight"": 0.0875, ""expansion.topic_weight"": 0.05}",sha256:f8dd60b4fb3924d17771a683ae5735f32d9efcc200c00166659fee1e0660c00b,252907b2-ae5c-49db-b291-7d3d12d62344,a84f1327d793c2482f101324b4e2a0a36df4993a5216cd5c9ff5da6e09a9e779,cffc477b310922d547e4fbc8588abc506dccf86c4978085845ddc22c1f3fe08f
adaptive,construction,candidate-011,expansion-strength,True,0.508191229134255,False,2,"{""expansion.association_weight"": 0.0, ""expansion.topic_weight"": 0.0}",sha256:6bfc3b02b26901130d0830b2be22fb403cc0cb773d676e9cd5efc026f9ee3555,7667d2f9-ae6a-4eae-b2b0-7c8cbc4382e9,9d7021d96092757dec64e729cc99b5d42a90104ba6fedbf8567f62bfd1503189,13a9cb4301ebd7a3581976e82434761659a33bb4d2616e61c35fb3b6d4e8e6f9
adaptive,construction,candidate-012,expansion-strength,True,0.5159277354905415,False,3,"{""expansion.association_weight"": 0.175, ""expansion.topic_weight"": 0.1}",sha256:162f3abf1d2db57cae2d4b4372ab45dfb457867b5b4505704daf935643e2b76b,4e4eaa6a-8fb0-43bf-9593-911113800e13,c23d38ec42abf3e582e71037310e5fbbf624fa94d5d159114f28032d9abb48c7,5145b7e92ccba47fbad305eb8f3d77aaa8f98dce249c02d1f46db4fd55179242
adaptive,construction,candidate-013,relevance-diversity,True,0.5862051635704519,True,0,"{""reranking.relevance_weight"": 1.0, ""reranking.source_novelty_weight"": 0.0, ""reranking.topic_novelty_weight"": 0.0}",sha256:3aabacd66c90f8b131c6b45639c38c655a3f28e4048814bb18bcd5ed08796453,e9b6e73c-2fb2-4688-88b7-3900dee9a583,d4d7d37a398dd42c31526438ebb1ceda76f60d6ff01ea4252f2d5bcc1816374e,a198dbbdecd722497eaacf41d3afa83f59f8899f9df80284b9d27b71a9025b7f
adaptive,construction,candidate-014,relevance-diversity,True,0.5632001956841676,False,1,"{""reranking.relevance_weight"": 0.9, ""reranking.source_novelty_weight"": 0.04999999999999999, ""reranking.topic_novelty_weight"": 0.04999999999999999}",sha256:ccf3ce93978e7a5529e5610cf543f33ce94002ac8be3b2b4463627eb080ec18c,18501cad-869d-4d11-8f97-dca9e8a3cf2f,7ce7c1a2f35f600b729ee6770581eaac7495eaf93241f5b280d036439f74b700,8929fe6b781cc1376870a3dd22be4afbfe79dcd31a63618b4c865c7ad8b06c52
adaptive,construction,candidate-015,relevance-diversity,True,0.46269293716630333,False,2,"{""reranking.relevance_weight"": 0.5, ""reranking.source_novelty_weight"": 0.25, ""reranking.topic_novelty_weight"": 0.25}",sha256:4348fd4f77b0adde2273f837eff4ee9482d19d7a3fb5910625e5033fd7ddd1dd,46dc18ca-c724-4006-af63-1b7c7e5962a4,f32c91232fb9d48c8987d7d32883643ae73b3e2a1d5802ecf0397cdbd17a83ef,977a986998ae3d5062a7ebcd8bd73f20ce93d12af5cb3d504a992fb66057c54f
adaptive,construction,candidate-016,aspect-allocation,True,0.5862051635704519,False,1,"{""adaptive.aspect_weight"": 0.0}",sha256:534d9fb66c62430cb5832692cbcdc947fd3124594ca0bced18bf707fc73090e6,88be7cd8-40e0-4a05-a363-c79229b2f6f8,d1194bd9a4897ef2b9e56af16b37e209833da937e9e324a15a49eed1d9ab4e38,6fe5886ee3ebf13439833bce45b5a35d929e55b36bd3bb7ee934cbfbc4d95bcd
adaptive,construction,candidate-017,aspect-allocation,True,0.5862051635704519,False,2,"{""adaptive.aspect_weight"": 0.5}",sha256:a28732a954dc50e1dd9f764c7fba438f33234b98862f3931930f8d4a9104206b,b777395a-b18c-4b7f-b7fb-2d475ace3c73,c02f7f2e313e45dcfa464979305ab770584f96bd1d7c78799d2d005ca140a65c,f3555b5decd280adb38789f88f21576fbfc457bf308949ff4e4e152d9d83e59f
adaptive,construction,candidate-018,aspect-allocation,True,0.5862051635704519,False,3,"{""adaptive.aspect_weight"": 1.0}",sha256:0c892488a83f9d0611a3a537570ed322a1972100d9376692be9f802374db1863,a938e4bc-2c4c-4ac8-ba19-ea1639a059db,b71591d48c29fe0f784bfe76eef16ce5fcb1a2401d53627f8c2b86117697c5f6,4c3db8460453580ad5eb5cca68855696c2a472d333607125cc0fabb20cb3ea47
entity-graph,construction,baseline,baseline,True,0.47275963568195856,False,0,{},sha256:0fb227d81f64ba9e930a0b720bc9b4133681ff236b45d622d390f8bb2c948746,9be5ec29-e661-4746-a67c-76553f3dc56e,4f0ba6d11029544940bf260ee3dcc0dca4f318beacefa1ca0a02b44f27a8ebe0,fac3af1d019d67ece75895608cf32354d4998e9bcc90b0a8f6dcaaa6702a7cc0
entity-graph,construction,candidate-001,length-normalization,True,0.47727963594864053,True,0,"{""bm25.b"": 0.0}",sha256:b45c557cd67edfb8543bb02fa7bd5524e69e4da71053f9dec4bf405b4c3c2027,f0c9a1ee-14c9-44c0-b233-5225c7064f41,b41cbaa9f36fae51e858a85e854f31b78bc92db9ad0d489204c14ba4a8650250,988863560c8e3eb32966e62481c64322c575b0503320fb49767ccc8dafc718bb
entity-graph,construction,candidate-002,length-normalization,True,0.4690309418599374,False,1,"{""bm25.b"": 0.5}",sha256:8c596fed6e5a404aca642a3092f096f8d2afa1cf177a5f7391282ef189b2d31e,7fe6945c-c1dd-452d-a745-94cd2c0c0ed6,2a705f96468d3d2655c12a25bb75e6894b97488acff4a13702bc769dd6b38651,72072c3cce3f9a6b4773042d0090787ee47e9a706a7edf262d2e86387736ed9d
entity-graph,construction,candidate-003,length-normalization,True,0.46879618401232237,False,2,"{""bm25.b"": 1.0}",sha256:3790bf34a8ade5360f21874b9ba408122dfaf59441fd9c420c09d4456c5837ed,0dc63ea7-24ab-43d6-8a20-dd0dfc08e851,df5a891f6f35ef77ec813ff22e8613e11fc095526cb02628812f3951dceef8de,85affc0ebff9d8d494080fc0afe7c23ceb9899b889fcb7c504ea80c06cb62b6a
entity-graph,construction,candidate-004,bm25-saturation,True,0.47727963594864053,False,1,"{""bm25.k1"": 0.6}",sha256:7743dd222d9c59db18e449e2dc4667240a779a66f1fa634cb3da4b5db3043c4b,627ecd9e-0887-4b52-9d20-89614294e348,8c04766b6fc934b5bcbd1663058bb363def3506157dc3ef3a1f5625f7eb8b7d6,9d59c4f4230bce964e8456d3833c3d9840820c04fb36e9c0cdcf699e8648053f
entity-graph,construction,candidate-005,bm25-saturation,True,0.47727963594864053,False,2,"{""bm25.k1"": 2.0}",sha256:388caf2724980c5d8e91e462e38a7e7109325bd1b1b106be63a2484115c0f584,90bc0594-d813-4d91-9cb4-6b66c8fd4948,20726c386c8b050d8183a388475498874eaf36efeaf3ac31239f7eb0ab51b1d3,6abdc2dcc54b4ca701e7250fa93c4dfe336fcf93cd124497fb6c54a1bba011cb
entity-graph,construction,candidate-006,bm25-saturation,True,0.47675519992766463,False,3,"{""bm25.k1"": 3.0}",sha256:497f57288c143d0a1a76a6143bc0b4bb80d735e2065d96720caf3050cf81852c,859c52a8-9028-416e-8cd6-c2ae22dd50a3,11adc528995df1ba39b24cf75475af5e3d4812b19ce1e31683400e2d1e03ac88,9df8b49c866e0d70b2a93a42774f3d2d6a9983c1fbf06c0b94a0c29eb3afaa6f
entity-graph,construction,candidate-007,graph-reach,True,0.47772634736233066,True,0,"{""query.max_hops"": 1}",sha256:e82db5af6041cffc7d169ee97446194fd277705ad8adfa121b12f74a5f35e5a3,563b25de-4348-4ca8-a080-2b7b86ebe849,709b113d77da9b115ddd6ac48ec5d9552a88a36e30dffa5a29054b91bcada984,8e7995288097808c56b5201896cf3e48672c10ada4a0fa69825e95390b469a5a
entity-graph,construction,candidate-008,graph-reach,True,0.47727963594864053,False,1,"{""query.max_hops"": 2}",sha256:4d9e004658fdd529a4ed3587f4721adf4d9c826d8ab6834e4a596fedc4f68812,eaa77b7f-51d4-4dea-b759-a2d260193552,2a7fe1500d63cb90d0d9889a15b1284c61c065f45fc1024827bc743a545dba57,5820a2ffd0030e99023c998ce412a012857c42371010ee958ec9ca5138ea57ff
entity-graph,construction,candidate-009,graph-reach,True,0.47727963594864053,False,2,"{""query.max_hops"": 4}",sha256:028d0aee83a3e551c871f04d35cbce19c3e50983647e533f09eb55d8ccba560c,e9f938d6-9256-4631-9ddf-3c48db7d8e16,b788eacf6e9369faf8296bf47c79e05134b5d3fd03f870e6e0f1e1b06f33ea49,e6b495dc82e568bda45da0468b5bc4f9e60f4ac93d3147d823ab4539d7bfbeba
entity-graph,construction,candidate-010,graph-noise,True,0.48188524415128164,True,0,"{""query.candidate_edge_weight"": 0.0}",sha256:81f637cf98dcc0983005b83feef6c26fccfe58a01722930d5abba4cd4d35f199,d5fb00b2-2293-4ad0-99d8-4b96359203c3,88f701552500ce4389f62d98fc63fb484abe1597a1f267adcfd795bd0458bc25,1793f9b814244da359937021b6fb2e6f17b3413d8475e4cce743107a622042e9
entity-graph,construction,candidate-011,graph-noise,True,0.48156163024020343,False,1,"{""query.candidate_edge_weight"": 0.1}",sha256:81b0706b0e6968ade757a43e72e3232ceddd8d43475ce819914df95cac8838c6,e5fb0efe-beac-45f7-b141-6814dba7060b,0a167673477154562bfc3328dc21a5ca4a2cdbcb8347d95cc37edf18252197ff,1fd8dc2a7c901ac5f107991c83f83006bce5b70d95dc9b25bb032a43ae903d01
entity-graph,construction,candidate-012,graph-noise,True,0.47727963594864053,False,2,"{""query.candidate_edge_weight"": 0.6}",sha256:39384b99e310a393988bf324fa07236edfc26cb736094781caa4c95d3133e995,7f613bc0-c945-45a8-b434-13716bc94e93,66bb6a7cefe4fb4c45536dd9309ed43b5586e3421b5e0c9474ae3459e89a0d1e,8c5718f36c41d4d1eb2da03174990b194c8852ecc7be1e4bb783c912d796959d
entity-graph,construction,candidate-013,section-granularity,True,0.48188524415128164,False,1,"{""sectioning.maximum_characters"": 6000}",sha256:ff95f19bddb655d8fa00ae9b7bc54a5489bc08f9540a134f3413f0ddb07f87b3,05e986c4-5a05-43e8-8b63-9e3602afdbef,7864a37a3f55d6e963fea7e801c63b15fbc74b38e5ac11d10f2108f9f3e5133c,0a795c35641e36425efbfda6cceb49938e76766e598ee05ce7ae5da6e4019f2e
entity-graph,construction,candidate-014,section-granularity,True,0.48188524415128164,False,2,"{""sectioning.maximum_characters"": 3000}",sha256:1e23e7b0c4d462cea90a5ea82cdb055bbb4dd429c9bac1534a1aa78d5d94d395,e01a312a-341f-4cf3-80bf-b7cd2346dd94,1a7a94a183b210b9f6906cefe88a382e94d61b159d8e5cf3733c4b4ff92c288d,47acba0d95f3d7734831866eba4939ad5c35187d612322e296b967a1b3ada071
entity-graph,construction,candidate-015,section-granularity,True,0.48188524415128164,False,3,"{""sectioning.maximum_characters"": 18000}",sha256:08cd12a955287688812f8063f8a352253859d4b7019100d843ebb0a4f555c73c,c1e013c9-34b8-49dd-87e2-345b08175943,3aabc4bc645aeae511dbcf28209f6c45152599a16de9c8ce324d2870a1992aa5,dc0ff52a99862ae3efe667302b13bae77ba0a3857f1d48ea7c391a54dfd64ecb
ensemble,construction,baseline,baseline,True,0.5566385701162351,False,0,{},sha256:0fb227d81f64ba9e930a0b720bc9b4133681ff236b45d622d390f8bb2c948746,788b1ab0-614d-451e-9c56-f36f1701a8ce,ea305f975d8f7e2ae37e6c23ea8a32a9b672f88b46bd2219473ccbd5b382947f,fa748e796c61641173d2bed9ff1fc4c338ac66fb3fd1db40823509e0a838f3f3
ensemble,construction,candidate-001,length-normalization,True,0.5576573173324186,True,0,"{""adaptive.bm25.b"": 0.25}",sha256:996dfe413201b2fe107b28931efde9ab103798d8e02243f2c389da7e4563b9d2,0600d415-1f9a-41a2-bdb0-44cd58025f32,0382642798e32d1ae31e727b138583d04344280f7d7c2d3a081642ff57f9bf0f,bbc8b5bda1b5037cff316fa3767e3f80d6a1d7acee045d775c4b1af20b31f5bc
ensemble,construction,candidate-002,length-normalization,True,0.5642928737711814,True,0,"{""adaptive.bm25.b"": 0.0}",sha256:2ee432ca42f54b21d5227b16316eab3e83c8d0028d8ee9b65a364c53aef2c32f,0042409e-ec7d-4a56-b3bb-bc27aa50343a,679c5b4065f0bd99edb3006a10fa1502b9a928b0cb9eae685764c2b33132b8cc,eb167a1c4485e471543723071f3c87f10fd34f00fa9141983c96f43a585fb2d8
ensemble,construction,candidate-003,length-normalization,True,0.5733559826437304,True,0,"{""adaptive.bm25.b"": 0.5}",sha256:d0b019c134ad135a2f345c34a82ae2e5255e3de6b6229d0e1c80b420848e9c0a,bc394f32-76a6-4b1b-b6b8-5fb292696788,f592c9163e78c9a8b983008ea14db823f6ad723f8ebab08d4d0cc62952f5114e,2432df20ec6a23c499ebd1734b2249abfa8a90a83ec794bcd260a4e6b3484de2
ensemble,construction,candidate-004,length-normalization,True,0.5571671488600702,False,1,"{""adaptive.bm25.b"": 1.0}",sha256:c1a4b42fc0884633ab41aee15551e981c74a3080a18039866bb82901bf8cf0ae,b3bc37a2-263d-4a2d-8b0a-e4a9d4950eee,78af44769b2594284ee0e249905abd7aecd42804ac21c8fae7ebb55e1df38675,957b70f6fc655547c0017706d050b6abd892cc5aa783e592b002b98a14b346b8
ensemble,construction,candidate-005,bm25-saturation,True,0.5669371031270407,False,1,"{""adaptive.bm25.k1"": 0.6}",sha256:d2c3253c4f18668063da1eef54d31e2a9ac91f9de2367befcca6d9dc42c742ec,3911edab-6bc2-4419-b79f-89c180ecee1e,7283319a696341e82e780f8051b83f63ac583f58f0a4c32d2d77d3dbbf7a615a,b9209fa1ad83c1f90fc72e39be33b9f9bf23de6b42b3f99039d85d9087cab2ef
ensemble,construction,candidate-006,bm25-saturation,True,0.5601291987247219,False,2,"{""adaptive.bm25.k1"": 2.0}",sha256:b93c434559c5d105fd97f3d8a2566d3a01436bd1495ba72c077c2bb922505310,e133f686-d760-497d-a49c-2be6c987654a,8e231f77210368f8c7ac3cb69d1ebe6847e113eacbe91c8b597449293fc1fdae,9e5e6184bda637d8eb8a43bab9ff42b0c47c8d3b7587a1a3a91eb6c4ff8224b2
ensemble,construction,candidate-007,bm25-saturation,True,0.5562133869710069,False,3,"{""adaptive.bm25.k1"": 3.0}",sha256:bb092485c1b879e0d33081ecafd54d5067a762702835f0bd1a96d01476c304a9,8646224b-ddbe-4278-93a0-b90313cbec10,c664974090a3c4d4538824b986c643f5dd31cc4037eb0084f2d78cd94033047d,96a67305be733ec11064de84acde0950300763e0d467708980e3530001e2e0a7
ensemble,construction,candidate-008,title-weight,True,0.5733559826437304,False,1,"{""adaptive.bm25.title_weight"": 8.0}",sha256:ff1de3b1264e7aa765a710f0400ab707381809c3cd758be3e0222fe687c6a969,a9402560-fe6e-4043-b042-808310da1ecd,f2eb546a37de03c6887d8bd4696d897b40086fe29c3af3391498c9d54e95c84a,6f1d64e63f1e7485e3e7cb26925908534394b52c7cefe32790e41aa2aeaabf32
ensemble,construction,candidate-009,title-weight,True,0.5733559826437304,False,2,"{""adaptive.bm25.title_weight"": 1.0}",sha256:9ee0a8097951b8edcc86bfea0fdd0b7c1043dde249282d86604062e38467235f,bec9a467-6d22-4380-8d99-2f3be77d83d5,7008f75517b48b69602f4b5db0a20b09f2c510ec3ae8065a4e2a3d4091f10f32,abef846eda8efc6d594d04f52551185d68a20e3cf198d8697ae268f7ae69d1a5
ensemble,construction,candidate-010,expansion-strength,True,0.5608939487157149,False,1,"{""adaptive.expansion.association_weight"": 0.0875, ""adaptive.expansion.topic_weight"": 0.05}",sha256:314b014b84d7dcf8a30a27dbf44d25f647e893284da732479a78190c7d6597fb,8710fc8d-7819-47ab-ab36-fa14e0fce4a3,b5104107c28c9d6523315fb186d495b7073840ed3410d5ff67aab9ea0123f11c,9d8025c226c33492d1e5e9e8525df83c206d351f62bc7182f7f24158d0699428
ensemble,construction,candidate-011,expansion-strength,True,0.5620172223475284,False,2,"{""adaptive.expansion.association_weight"": 0.0, ""adaptive.expansion.topic_weight"": 0.0}",sha256:c3fde433dda2b12b8b9b368599892a3d4f390a359f71972c95b8277053c13704,1cc17d13-23fd-4715-9fbf-5fb08e81c180,1eb443dcaa4b3e790270cbeb9bf58d04d515194681fdf45da46263f1b5f4ac63,9f1f1e44af33a16f7c4db64b6d7373aea2ca2a02d3bd016f0dc4b02d4ce1bdef
ensemble,construction,candidate-012,expansion-strength,True,0.5608939487157149,False,3,"{""adaptive.expansion.association_weight"": 0.175, ""adaptive.expansion.topic_weight"": 0.1}",sha256:73b28056a5c8703ac30a28756e0a122b6b8953fe2e15e36b68da58297cd68fc4,8817b58a-dab7-4d0f-83a4-38daf6468dfc,2e731f68a8ef3ec78f8bc22c153a6d262a9b861b01074cc55e22868c7ea6c669,08733d5744ea47c8c749d3cc27249992255d90cc25fb04923cccc015d915f62c
ensemble,construction,candidate-013,relevance-diversity,True,0.5932160909408737,True,0,"{""adaptive.reranking.relevance_weight"": 1.0, ""adaptive.reranking.source_novelty_weight"": 0.0, ""adaptive.reranking.topic_novelty_weight"": 0.0}",sha256:6a56574700ae2f0a9080ef1ba61462e8656b58a45fbbc9c193538bbf86b0beb8,04be2747-26c0-46b9-ae7f-c1e68faff3fc,8e4114efb534aa3055079a0f394393020ea23f83773b96e9d5bfd77f192f09b0,70c361db4df6f882fd41bbc98bbdb1ea7a3fd09f12c699d51573f773e28be769
ensemble,construction,candidate-014,relevance-diversity,True,0.5870645195193089,False,1,"{""adaptive.reranking.relevance_weight"": 0.9, ""adaptive.reranking.source_novelty_weight"": 0.04999999999999999, ""adaptive.reranking.topic_novelty_weight"": 0.04999999999999999}",sha256:f480d327804826ac33df36dddffb93b71e6ad48e304ff2ee3d8bb075c78298e9,90ac30b9-482f-4e52-832d-56f3f1308a7b,cecac16b3febefbc4a93b67ecf9bb49144ab1486c420fa96aa3e73fe51193976,9981a7b584c65d90bd7ea5fd20812a2f267142e1f96245068bf5d596a828cdda
ensemble,construction,candidate-015,relevance-diversity,True,0.47677206512258347,False,2,"{""adaptive.reranking.relevance_weight"": 0.5, ""adaptive.reranking.source_novelty_weight"": 0.25, ""adaptive.reranking.topic_novelty_weight"": 0.25}",sha256:a286424c386bb5a9dc9f06f8f963987005184e51bb1eca6d0de757565a02e8c1,c84b1f69-a474-4dd8-be38-216aa5522e76,75106bd2c8b256ba369c168a9a9c936981294c9f28751e8aabf2203718132c93,6352ad8663a5425d01cc0cd836acb79b94bfd63646ba678136ffe3aa3d12c1d3
ensemble,construction,candidate-016,ensemble-allocation,True,0.6028174208168413,True,0,"{""policies.quality.weights"": [4, 1, 5, 3]}",sha256:13396bab2b4dc3f2dcff36b572dd9bcd9b3d8fab16571cbb536b9d9197439af9,173422da-75e7-43d4-b906-08ea0d106f6f,86e736d4d896ee562e409c91ae0b5d36ec5abcbdea4ffaf99cfb08d82ff10fc7,c35dada12e30ad58d9f52f1f8bd02ff1df232b864726dcd7863df2608b1dbcf4
ensemble,construction,candidate-017,ensemble-allocation,True,0.6135043091548117,True,0,"{""policies.quality.weights"": [2, 1, 3, 5]}",sha256:244419d2b2c8cefe4eab6084b8c593bcf4ce5e36ef4acbec083bea7218be2c60,9c08b52e-ee1f-44a8-88c9-eef6a9214d66,9be0dbea3280bb756ef11575ad1e3f7e5681fea1acc15f8bba01fb35fe621ae9,48e3dd823417125b5b1aada97d732081845332ae27a916587f7747acd714132e
ensemble,construction,candidate-018,ensemble-allocation,True,0.6136740767613875,True,0,"{""policies.quality.weights"": [1, 1, 1, 8]}",sha256:5e45b27a162ee9fcb7b74f823cc5a9c400f087970b6bcef94a79f62845a8b5a8,a665df87-ffb9-4119-bbd9-77b3a8e9bb91,45da00bf4154eab9a180638519a13b132a8c8cd62c575e8aa0e9f58e93fe15a7,b6a9e7d85070e4a094c0592d809a2d0ade6cb635c9855ecf4c6193b244ba069f
graphify,consultation,baseline,baseline,True,0.13626228624863054,False,0,{},sha256:0fb227d81f64ba9e930a0b720bc9b4133681ff236b45d622d390f8bb2c948746,d449bb88-08a3-44ed-9825-a7ec7867e4a3,e7b4d801ce1c5435fdc030e306a218f12c87a4b5c7db20bfd736066bf59b4218,2ec5e0c45313dac0be7ad12030d71091537860485a2d0a56d93def0be8fe715a
graphify,consultation,candidate-001,traversal-depth,True,0.09109336459514347,False,1,"{""depth"": 0}",sha256:4ccd8ca66563a35e0ff3f48dd62c56dc963cfca0053ad241348fa0997b7c5a2c,4340f40a-4b81-4aef-9cac-51ccc0c2f753,69ab812d102a705fbdff6f71e5e4d63d6b706be50e54ef10f2f5154cf9162b88,2f0722742a9f03026f1d59dfd8d9d4a4ab7e54668d890cbfe51d63bae99b0404
graphify,consultation,candidate-002,traversal-depth,True,0.09109336459514347,False,2,"{""depth"": 1}",sha256:2e3249e99d0fc0ce0ac0b0f02b746312fd0f702fd4cb4102d95a8a419c4d3c19,5a916b5b-a032-4439-98ec-c9739f7ffd3e,75ec4d112c8a26eeb9f9e9fee9012652e86f020f99daf9d23a8dbe4749dac075,b98caa4d3f0af08d3dd1d5ce45752143e5e0ac7a9216ed5ff6ea09c70ef9eb72
graphify,consultation,candidate-003,traversal-depth,True,0.5144427680270155,True,0,"{""depth"": 3}",sha256:4f581e26567306f531e8a62323f52543f45cef7a6af77eb4ddc609141deaca65,d673856f-3ce4-48ab-b69d-b1bc2eb4a006,965f8769f71f3b46edeabf0f2f3f8cb59626063b4526a88d10687c9a43f305bf,f282c520c791a7f254a1afcc787328a9dd3f0f425a44ccbdee9488157f6c41cb
graphify,consultation,candidate-004,traversal-depth,True,0.5374775759799012,True,0,"{""depth"": 4}",sha256:ca767e7d9cd504ff77967e29899be2807fe72184656a80297ab4c9a4ab0fd430,190d404b-6649-4b01-9fc2-3add905edf27,3459ffa1eee5d65b1b86a5ab59e79c240151445bc1fc0b1e3d8971858d755bbe,136d97f48af8645eda46acf24a3c43f8d2a8cd8172d7b2c417f978462d5e76bd
graphify,consultation,candidate-005,traversal-depth,True,0.5374775759799012,False,1,"{""depth"": 5}",sha256:64d704b2f783963140df10381176d509b1d365ee32a1ca45138cb235b7a65860,59569c74-625a-4c25-a5c0-c3a1995db762,e6a614cfd9332c8aaae704fa23f6cad809d1961532e20fc55e7b7f151474fa0a,ed1ef15c596298f43794a18de085dcab2da1cfdef42069853398cfd7287fe9f2
graphify,consultation,candidate-006,traversal-depth,True,0.5374775759799012,False,2,"{""depth"": 6}",sha256:c0af9d68871af81a72c075c90f1725b5ede34b68b8e34e38fe02110603093d5e,137fcca1-999b-441d-a1c2-0ce293d87067,a1e6563d1f49ac182d225d845ecec40c878e69f4c35071ba12fa8bbdfb99a690,7dc97e5e480ff55cb7beda7cc2be9306c49b9e7ef30bb75166518c6fe685153f
graphify,consultation,candidate-007,lexical-graph-fusion,True,0.576319468408568,True,0,"{""lexical_weight"": 0.5}",sha256:0dfd25c3470236d74fa7c58dea29753ea6498fb709d0a328683b7d1aaca8e8d9,aab76f80-18b9-4b47-bb93-8aadc7c24e59,31bf8920f1cb53d5215ccabf8ad36bb1f810807856769692d1c798b2cd4455e0,c3ba151034822a312f70bdecba3de1a679f6a6fbd21138e49b16f28e5c8f1421
graphify,consultation,candidate-008,lexical-graph-fusion,True,0.5692753631205092,False,1,"{""lexical_weight"": 1.0}",sha256:b7dfec59d9405598e4dd5948e0591474b3fc5ba8f5e369aad96fcbbee6eeac0f,30cee281-d2a4-41bb-ae72-5b3ed2d7a967,4a622d4194141f7380f6ecd29cb9e6569a87326bb86eda7c109f1b34aae3fb99,6a218a689c9db3ce31ce03968c0ea93ff6388f7925f8a4b6ddfc8129e36d5e94
graphify,consultation,candidate-009,lexical-graph-fusion,True,0.5837804919562507,True,0,"{""lexical_weight"": 2.0}",sha256:766a2ad70e8c5f279d7d4fd6f316558ab6b8d15bc6dc0db38104966b2dea4c83,4369b05f-89a4-4817-8f17-9b9fcfe60a36,fa79aeef28e9fd04f747f9c9c4b5dc7c4038bb91a8da87065105ae44f7bfce82,c71108d49a132a84c4dbda51d39bb75d21c5a8491c5b5a4870f030bff3890f8d
graphify,consultation,candidate-010,lexical-graph-fusion,True,0.6035802201326674,True,0,"{""lexical_weight"": 4.0}",sha256:b094fb922cc34f6033de2575f8fdd7b8541afdd5bfeb8a5a819c5b791c31bce6,8ff01e74-79f6-447e-af70-383ea1d3598c,3c23b01b9ff1d9b426689956d39af84dfbd26c9c2eed0ca91db7c0b63bb76f79,5e789c83b7ff85d215cbe245b5c6dcc3fbe56ff638de41125c7e2b8cc3d833a1
graphify,consultation,candidate-011,fusion-rank-decay,True,0.5839364844215764,False,1,"{""lexical_weight"": 1.0, ""rrf_k"": 5}",sha256:09cd1ba3a6c6f3a0fe52c67bc1f9c9c3956b67be86f1ce587baa45e0b3546687,0cdfc0bc-f1f6-4250-a0ba-84cc7fd27a4b,e4d84046979f1c440987406ce6a1dbac47f6f087470a8fa0da34d8ab8be49511,e0005b9822e1a81782669730c765643d2dd1ea41f83201627dde490041ecfba9
graphify,consultation,candidate-012,fusion-rank-decay,True,0.5712617901063284,False,2,"{""lexical_weight"": 1.0, ""rrf_k"": 20}",sha256:285e203b48a1d9b217ec7de79c8ab4624d07900262cf0643f75d0f7511c88168,3075b695-d944-4ae0-93ec-b3b4f6003339,87c50e4387c2b68a887d8fdc2d303331de774243b5bfad7d7e45066d395c0438,423564305210215edb2133dbf8dd76793e19da52a8c40fb2c6c2e8ae188e8013
graphify,consultation,candidate-013,fusion-rank-decay,True,0.5692753631205092,False,3,"{""lexical_weight"": 1.0, ""rrf_k"": 60}",sha256:c4111bd41a6cbf61a9ed5acdc6aced7c6041bd157f1a704eb3e580cbf02283f4,67f0f236-77a8-47fc-b5a2-e4f4d226766f,5b8dad5028da2fbd22323cddde8f0a49d939a2193fec53e3bf45b1ba1af005be,7a71f721cd4bb44633b6bc44f98f187302ad8ae5bf960da277dd0e321cb6fbf4
turso,consultation,baseline,baseline,True,0.40319114502840775,False,0,{},sha256:0fb227d81f64ba9e930a0b720bc9b4133681ff236b45d622d390f8bb2c948746,054ec196-1d35-492a-b7a8-9c5810315da1,ccd04764c373ede8578a8c1e9e0bf29b715fae4fc7b3cafe31963bbb764939aa,591b54bb3fd30eca868c18f1c60698497882fd67aba4bc735062fe8a88bbefbe
turso,consultation,candidate-001,bm25-saturation,True,0.5868341631156483,True,0,"{""engine"": ""bm25"", ""k1"": 1.2}",sha256:6e95f7c8580409833c59243d37631d309f6f43fc507bb364c2fab7db399e916b,9f0d75ce-67fc-4ef9-8afd-c1da189a4191,e64403a25383f6b11171beeca53a03252929360b93c1eefb32932826f9b35e88,eba7608111015e676303ab63f9c8db3070923e918ce4c85d099d91167625f03f
turso,consultation,candidate-002,bm25-saturation,True,0.5814176888760005,False,1,"{""engine"": ""bm25"", ""k1"": 0.6}",sha256:21ff7faeb2d647f6ef2a0b5300fc08780923702cbc0d30548a245985a33e7415,f73ed201-5ec5-42b0-89ea-65413ffb5141,3cd88935a717dfd3537fa2c70e0d550cae688f3cbd993f46591c152e8e6c87a3,e2832cc7a47b9376a601e91938f1230dcaefa5fd24f2b514f0a758707238e752
turso,consultation,candidate-003,bm25-saturation,True,0.5961724167905328,True,0,"{""engine"": ""bm25"", ""k1"": 2.0}",sha256:4dab411aa251397e054691513359ee94b24ac7264922ca42c8cb707ff15dee7b,3fce78bd-8c13-4d25-baf7-b6938cbf6bf8,877dfd976597c31e73bccb09951ef4ef836234d8f87a09adccbdb1687e6a764f,69fa51aa27c65862d3406a08aabcac18d4261866280ec7a9834e807cadd16b4b
turso,consultation,candidate-004,bm25-saturation,True,0.5952238585899123,False,1,"{""engine"": ""bm25"", ""k1"": 3.0}",sha256:d63e1b451be17ab68116edc291a94ee5bdce5dfcdf45916787a38dab1db8af8d,d88ac717-7403-4e92-9cc5-a3fe29a26c44,280c385dfa7d29e6da1760db0d5d387ee71dd9f333df57f557d197b6494376b1,0c373da80787e3dc40eeebe778f4e2295636ea776e66d1fc50eca32dcaa07ac4
turso,consultation,candidate-005,length-normalization,True,0.5777585149949644,False,1,"{""b"": 0.25, ""engine"": ""bm25""}",sha256:22b6ae999939e8e9eea14acdc9f6ba64a9cd37a57f73b8929637f548bc42d176,30a03a74-3f7f-4f43-82e3-20739bfe4f09,13325add9ba531f88b166688c842129d58746b1cda3dae804abaf78b04c66cef,c92f50f7f1daae71997bd3f16a65ee32e72bcd72ca439f195bf8a223219d8115
turso,consultation,candidate-006,length-normalization,True,0.5651710648556278,False,2,"{""b"": 0.0, ""engine"": ""bm25""}",sha256:3d5b9636b7b23e0b3227789bf84bdb44bab61250b9f47976f494f14d02badb40,884ddd09-1ec4-40c0-bf01-564c1aa057f8,24608610af4657b4abbf6f701e0a12294cdd015da45ca0336e0eb0469fa5fc4e,98552b832e0253c4a9ad05c384bcf98fd2be4678cebf8c730d2b24299398d295
turso,consultation,candidate-007,length-normalization,True,0.584827182844353,False,3,"{""b"": 0.5, ""engine"": ""bm25""}",sha256:ba8c5cd5926ce5878d0da4ae24da4469d4ff1c00631c2a903307a4e5580015d1,fadac198-1ac9-4d0e-a4a4-8c0648ba5145,9afa4f742c358c837f552f1bb049a35adac681f0c53331a804864fde3c661b09,0df15e67cb571a7cbb7881a8dc6f1f8322bb3b1e2cad045b6b2c689cea24842d
turso,consultation,candidate-008,title-weight,True,0.5897017567394892,False,1,"{""engine"": ""bm25"", ""title_weight"": 2.0}",sha256:9398608cce3caa3e79891bb45d70131843c033b5c6bd432d98df82eb09fcc18f,b21a9614-16de-4003-825e-3633d0a46ffd,e1f372709ea046c77f775bd28ee10206a02147ede1e737a0ee61199e3fc957d6,f494543f3c8a4aa3877f237d58880cfe54644622431c34edc860808e1323e706
turso,consultation,candidate-009,title-weight,True,0.5877438972143467,False,2,"{""engine"": ""bm25"", ""title_weight"": 4.0}",sha256:ddf2de67d985c31bb96716165215b3d921c111e37b6c35b9ded16094236be13d,da712ed8-a17a-447f-8474-3c096b64e774,9962e903f3f5b32ea6737438a5530d0f3d564cec4f27bf89ac81f85355342295,5166dbc9236a856c5eab2b342c51cd56102cfe0d21bc475b3e404b3b4a4b1026
turso,consultation,candidate-010,title-weight,True,0.5808281321115133,False,3,"{""engine"": ""bm25"", ""title_weight"": 8.0}",sha256:e91a55bb32f3ff3f14540e9fbaf06c735dea31acced83b79ed99102f1e2fe12f,24de3b4c-f11c-450a-9b01-838fc3e0bfd2,5107e2f62d6351204f907e45df956d4326fa6a2e80cb8c64206705b976223008,2c71f821449813e2609e481ff2df4cd885764c4106a34341cb5254e10c4495f6
