dataset,family,treatment,candidate,strategy,route,primary,questions,ndcg_at_10,recall_at_10,mrr_at_10,full_qrel_coverage_at_10,query_p95_ms,double_build_seconds,knowledge_bytes,agent_seconds,native_trial_seconds
enterprise-rag-40,legacy,consultation,baseline,baseline,lexical,True,40,0.5749695375722894,0.6192460317460318,0.5986111111111111,0.525,3.0203139999969153,34.676517639,4933955,35.414554,76.491182
enterprise-rag-40,legacy,consultation,candidate-001,bm25-saturation,lexical,True,40,0.5868341631156483,0.6185515873015872,0.6025,0.5,9.098394000005783,35.189045789999994,4933955,36.262996,77.925117
enterprise-rag-40,legacy,consultation,candidate-002,bm25-saturation,lexical,True,40,0.5814176888760005,0.6150793650793651,0.5983333333333334,0.5,10.068982999996479,36.145956987999966,4933955,37.198681,79.770727
enterprise-rag-40,legacy,consultation,candidate-003,bm25-saturation,lexical,True,40,0.5961724167905328,0.6248015873015873,0.615,0.525,9.630229999970652,35.102512656000044,4933955,36.113932,77.818155
enterprise-rag-40,legacy,consultation,candidate-004,bm25-saturation,lexical,True,40,0.5952238585899123,0.6185515873015872,0.615,0.5,9.135651000065081,34.23246565499994,4933955,35.227337,76.484663
enterprise-rag-40,legacy,consultation,candidate-005,length-normalization,lexical,True,40,0.5777585149949644,0.6150793650793651,0.5944444444444444,0.5,9.411178999926051,35.232918702000006,4933955,36.33343,79.163457
enterprise-rag-40,legacy,consultation,candidate-006,length-normalization,lexical,True,40,0.5651710648556278,0.6275793650793651,0.5775,0.525,9.357179000062388,34.5759375560001,4933955,35.602821,77.608082
enterprise-rag-40,legacy,consultation,candidate-007,length-normalization,lexical,True,40,0.584827182844353,0.6185515873015872,0.5983333333333334,0.5,9.017466999921453,35.01092116199993,4933955,36.06804,78.557866
enterprise-rag-40,legacy,consultation,candidate-008,title-weight,lexical,True,40,0.5897017567394892,0.6248015873015873,0.6025,0.525,9.024292000049172,35.76220283800012,4933955,36.817959,79.922624
enterprise-rag-40,legacy,consultation,candidate-009,title-weight,lexical,True,40,0.5877438972143467,0.6213293650793651,0.6025,0.5,9.456769999815151,34.38642311600006,4933955,35.431444,77.361877
enterprise-rag-40,legacy,consultation,candidate-010,title-weight,lexical,True,40,0.5808281321115133,0.6150793650793651,0.5986111111111111,0.5,9.054544000264286,34.53019030999985,4933955,35.537252,77.627695
enterprise-rag-40,embeddings,construction,baseline,baseline,hybrid,True,40,0.6319043854152289,0.6838293650793651,0.64375,0.575,171.34919800000148,78.18539063600002,9891587,96.688717,137.549273
enterprise-rag-40,embeddings,construction,baseline,baseline,lexical,False,40,0.5906691808155105,0.6185515873015872,0.615,0.5,8.871930000026396,78.18539063600002,9891587,96.688717,137.549273
enterprise-rag-40,embeddings,construction,baseline,baseline,vector,False,40,0.6070458273832384,0.6893849206349206,0.6081547619047619,0.575,173.38590299999623,78.18539063600002,9891587,96.688717,137.549273
enterprise-rag-40,embeddings,construction,candidate-001,semantic-segmentation,hybrid,True,40,0.6319043854152289,0.6838293650793651,0.64375,0.575,203.4381089999897,76.271489213,9919241,96.916191,139.02279
enterprise-rag-40,embeddings,construction,candidate-001,semantic-segmentation,lexical,False,40,0.5906691808155105,0.6185515873015872,0.615,0.5,9.038821000046937,76.271489213,9919241,96.916191,139.02279
enterprise-rag-40,embeddings,construction,candidate-001,semantic-segmentation,vector,False,40,0.6070458273832384,0.6893849206349206,0.6081547619047619,0.575,194.87533000000212,76.271489213,9919241,96.916191,139.02279
enterprise-rag-40,embeddings,construction,candidate-002,semantic-segmentation,hybrid,True,40,0.6319043854152289,0.6838293650793651,0.64375,0.575,175.02502900003947,75.21075574700001,9919241,94.018765,136.038264
enterprise-rag-40,embeddings,construction,candidate-002,semantic-segmentation,lexical,False,40,0.5906691808155105,0.6185515873015872,0.615,0.5,9.04679000007036,75.21075574700001,9919241,94.018765,136.038264
enterprise-rag-40,embeddings,construction,candidate-002,semantic-segmentation,vector,False,40,0.6070458273832384,0.6893849206349206,0.6081547619047619,0.575,171.564783000008,75.21075574700001,9919241,94.018765,136.038264
enterprise-rag-40,embeddings,construction,candidate-003,semantic-segmentation,hybrid,True,40,0.6319043854152289,0.6838293650793651,0.64375,0.575,177.28502799991475,75.38770157500005,9919241,94.22226,136.074614
enterprise-rag-40,embeddings,construction,candidate-003,semantic-segmentation,lexical,False,40,0.5906691808155105,0.6185515873015872,0.615,0.5,9.08628599995609,75.38770157500005,9919241,94.22226,136.074614
enterprise-rag-40,embeddings,construction,candidate-003,semantic-segmentation,vector,False,40,0.6070458273832384,0.6893849206349206,0.6081547619047619,0.575,176.74914299993816,75.38770157500005,9919241,94.22226,136.074614
enterprise-rag-40,embeddings,construction,candidate-004,semantic-context,hybrid,True,40,0.6319043854152289,0.6838293650793651,0.64375,0.575,176.59054899991133,75.74633429300002,9919241,94.984167,138.061679
enterprise-rag-40,embeddings,construction,candidate-004,semantic-context,lexical,False,40,0.5906691808155105,0.6185515873015872,0.615,0.5,9.69327699999667,75.74633429300002,9919241,94.984167,138.061679
enterprise-rag-40,embeddings,construction,candidate-004,semantic-context,vector,False,40,0.6070458273832384,0.6893849206349206,0.6081547619047619,0.575,199.0687740001249,75.74633429300002,9919241,94.984167,138.061679
enterprise-rag-40,embeddings,construction,candidate-005,semantic-context,hybrid,True,40,0.6319043854152289,0.6838293650793651,0.64375,0.575,187.53402900006222,74.39023823899993,9919241,93.082545,135.675602
enterprise-rag-40,embeddings,construction,candidate-005,semantic-context,lexical,False,40,0.5906691808155105,0.6185515873015872,0.615,0.5,9.292218000155117,74.39023823899993,9919241,93.082545,135.675602
enterprise-rag-40,embeddings,construction,candidate-005,semantic-context,vector,False,40,0.6070458273832384,0.6893849206349206,0.6081547619047619,0.575,171.39274700002716,74.39023823899993,9919241,93.082545,135.675602
enterprise-rag-40,embeddings,construction,candidate-006,semantic-context,hybrid,True,40,0.6319043854152289,0.6838293650793651,0.64375,0.575,177.0475890000398,74.71656311099991,9919241,93.418566,135.815935
enterprise-rag-40,embeddings,construction,candidate-006,semantic-context,lexical,False,40,0.5906691808155105,0.6185515873015872,0.615,0.5,9.071334000054776,74.71656311099991,9919241,93.418566,135.815935
enterprise-rag-40,embeddings,construction,candidate-006,semantic-context,vector,False,40,0.6070458273832384,0.6893849206349206,0.6081547619047619,0.575,171.83881500000098,74.71656311099991,9919241,93.418566,135.815935
enterprise-rag-40,classical,construction,baseline,baseline,association,False,40,0.4772435834225347,0.45863095238095236,0.575,0.375,40.473107000025266,59.059161268000025,8014933,64.714714,108.669426
enterprise-rag-40,classical,construction,baseline,baseline,bm25,False,40,0.5893268014207212,0.6456349206349207,0.6059027777777778,0.55,38.10664900015581,59.059161268000025,8014933,64.714714,108.669426
enterprise-rag-40,classical,construction,baseline,baseline,fusion,True,40,0.4434644291211766,0.4246031746031746,0.575,0.325,41.00249800012534,59.059161268000025,8014933,64.714714,108.669426
enterprise-rag-40,classical,construction,baseline,baseline,topic,False,40,0.48110404197809953,0.4622023809523809,0.575,0.375,40.1626599998508,59.059161268000025,8014933,64.714714,108.669426
enterprise-rag-40,classical,construction,candidate-001,length-normalization,association,False,40,0.4694650942221584,0.45863095238095236,0.5625,0.375,40.721687000086604,57.76421182200011,8014933,63.413271,105.413881
enterprise-rag-40,classical,construction,candidate-001,length-normalization,bm25,False,40,0.5894915401009949,0.6498015873015872,0.6066964285714286,0.55,36.75436499997886,57.76421182200011,8014933,63.413271,105.413881
enterprise-rag-40,classical,construction,candidate-001,length-normalization,fusion,True,40,0.44627512675453707,0.44613095238095235,0.5625,0.35,40.74877299990476,57.76421182200011,8014933,63.413271,105.413881
enterprise-rag-40,classical,construction,candidate-001,length-normalization,topic,False,40,0.4749385706741984,0.4622023809523809,0.5625,0.375,42.230677999896216,57.76421182200011,8014933,63.413271,105.413881
enterprise-rag-40,classical,construction,candidate-002,length-normalization,association,False,40,0.4464720744934537,0.44613095238095235,0.5333333333333333,0.35,37.92042900022352,57.85448298200026,8014931,63.306986,105.38436
enterprise-rag-40,classical,construction,candidate-002,length-normalization,bm25,False,40,0.5734130533272326,0.6525793650793651,0.5748214285714286,0.55,37.5196820000383,57.85448298200026,8014931,63.306986,105.38436
enterprise-rag-40,classical,construction,candidate-002,length-normalization,fusion,True,40,0.41703716746762476,0.41488095238095235,0.5333333333333333,0.3,37.62402799975462,57.85448298200026,8014931,63.306986,105.38436
enterprise-rag-40,classical,construction,candidate-002,length-normalization,topic,False,40,0.4609451108812749,0.4622023809523809,0.5425,0.35,38.430934000189154,57.85448298200026,8014931,63.306986,105.38436
enterprise-rag-40,classical,construction,candidate-003,length-normalization,association,False,40,0.47625309193679655,0.45863095238095236,0.575,0.375,39.8971800000254,57.03544628000009,8014931,62.555499,104.208846
enterprise-rag-40,classical,construction,candidate-003,length-normalization,bm25,False,40,0.5932201786024145,0.6498015873015872,0.6066964285714286,0.55,37.418575000174314,57.03544628000009,8014931,62.555499,104.208846
enterprise-rag-40,classical,construction,candidate-003,length-normalization,fusion,True,40,0.44843042295215757,0.4336309523809524,0.575,0.325,38.24854200001937,57.03544628000009,8014931,62.555499,104.208846
enterprise-rag-40,classical,construction,candidate-003,length-normalization,topic,False,40,0.482887517741295,0.4622023809523809,0.575,0.375,39.46247400017455,57.03544628000009,8014931,62.555499,104.208846
enterprise-rag-40,classical,construction,candidate-004,length-normalization,association,False,40,0.47681588547145193,0.45863095238095236,0.575,0.375,47.662793999734276,56.63954396600002,8014931,62.866749,104.540695
enterprise-rag-40,classical,construction,candidate-004,length-normalization,bm25,False,40,0.5906141181239353,0.6498015873015872,0.6052777777777778,0.55,40.224555999884615,56.63954396600002,8014931,62.866749,104.540695
enterprise-rag-40,classical,construction,candidate-004,length-normalization,fusion,True,40,0.4581750361152096,0.4496031746031746,0.5875,0.35,47.1052289999534,56.63954396600002,8014931,62.866749,104.540695
enterprise-rag-40,classical,construction,candidate-004,length-normalization,topic,False,40,0.48110404197809953,0.4622023809523809,0.575,0.375,44.4883690001916,56.63954396600002,8014931,62.866749,104.540695
enterprise-rag-40,classical,construction,candidate-005,bm25-saturation,association,False,40,0.4772435834225347,0.45863095238095236,0.575,0.375,37.89593999999852,57.38648494500012,8014931,62.852569,104.282295
enterprise-rag-40,classical,construction,candidate-005,bm25-saturation,bm25,False,40,0.5886502392025978,0.6456349206349207,0.6059027777777778,0.55,36.99188700011291,57.38648494500012,8014931,62.852569,104.282295
enterprise-rag-40,classical,construction,candidate-005,bm25-saturation,fusion,True,40,0.44596211048325485,0.4308531746031746,0.575,0.325,40.69605799986675,57.38648494500012,8014931,62.852569,104.282295
enterprise-rag-40,classical,construction,candidate-005,bm25-saturation,topic,False,40,0.48110404197809953,0.4622023809523809,0.575,0.375,38.32652599976427,57.38648494500012,8014931,62.852569,104.282295
enterprise-rag-40,classical,construction,candidate-006,bm25-saturation,association,False,40,0.47614412522636956,0.45863095238095236,0.575,0.375,39.37497000015355,58.06184776700002,8014931,63.623858,106.137568
enterprise-rag-40,classical,construction,candidate-006,bm25-saturation,bm25,False,40,0.5867793681493334,0.6442460317460317,0.605,0.55,37.16686600000685,58.06184776700002,8014931,63.623858,106.137568
enterprise-rag-40,classical,construction,candidate-006,bm25-saturation,fusion,True,40,0.45748319911410834,0.4558531746031746,0.5833333333333333,0.35,39.556333999826165,58.06184776700002,8014931,63.623858,106.137568
enterprise-rag-40,classical,construction,candidate-006,bm25-saturation,topic,False,40,0.4812823928755513,0.4622023809523809,0.575,0.375,39.01844700021684,58.06184776700002,8014931,63.623858,106.137568
enterprise-rag-40,classical,construction,candidate-007,bm25-saturation,association,False,40,0.4745672301648269,0.45863095238095236,0.575,0.375,39.41000199984046,57.390610497000125,8014931,62.919454,104.625721
enterprise-rag-40,classical,construction,candidate-007,bm25-saturation,bm25,False,40,0.5633262284317261,0.5886904761904762,0.6,0.5,37.13272300001336,57.390610497000125,8014931,62.919454,104.625721
enterprise-rag-40,classical,construction,candidate-007,bm25-saturation,fusion,True,40,0.45748319911410834,0.4558531746031746,0.5833333333333333,0.35,39.91421000000628,57.390610497000125,8014931,62.919454,104.625721
enterprise-rag-40,classical,construction,candidate-007,bm25-saturation,topic,False,40,0.4812823928755513,0.4622023809523809,0.575,0.375,39.15733499979979,57.390610497000125,8014931,62.919454,104.625721
enterprise-rag-40,classical,construction,candidate-008,title-weight,association,False,40,0.47681588547145193,0.45863095238095236,0.575,0.375,39.55424600007973,57.401539932000105,8014931,62.927153,105.400547
enterprise-rag-40,classical,construction,candidate-008,title-weight,bm25,False,40,0.5906141181239353,0.6498015873015872,0.6052777777777778,0.55,37.48244100006559,57.401539932000105,8014931,62.927153,105.400547
enterprise-rag-40,classical,construction,candidate-008,title-weight,fusion,True,40,0.4581750361152096,0.4496031746031746,0.5875,0.35,40.61041699969792,57.401539932000105,8014931,62.927153,105.400547
enterprise-rag-40,classical,construction,candidate-008,title-weight,topic,False,40,0.48110404197809953,0.4622023809523809,0.575,0.375,39.91040399978374,57.401539932000105,8014931,62.927153,105.400547
enterprise-rag-40,classical,construction,candidate-009,title-weight,association,False,40,0.47681588547145193,0.45863095238095236,0.575,0.375,40.33560600009878,56.958114168000066,8014931,62.487034,104.894395
enterprise-rag-40,classical,construction,candidate-009,title-weight,bm25,False,40,0.5906141181239353,0.6498015873015872,0.6052777777777778,0.55,38.170537000041804,56.958114168000066,8014931,62.487034,104.894395
enterprise-rag-40,classical,construction,candidate-009,title-weight,fusion,True,40,0.4581750361152096,0.4496031746031746,0.5875,0.35,40.15890299979219,56.958114168000066,8014931,62.487034,104.894395
enterprise-rag-40,classical,construction,candidate-009,title-weight,topic,False,40,0.48110404197809953,0.4622023809523809,0.575,0.375,38.84735500014358,56.958114168000066,8014931,62.487034,104.894395
enterprise-rag-40,classical,construction,candidate-010,title-weight,association,False,40,0.47681588547145193,0.45863095238095236,0.575,0.375,40.680975999748625,59.42947088300025,8014931,65.169177,109.411118
enterprise-rag-40,classical,construction,candidate-010,title-weight,bm25,False,40,0.5915138553872126,0.6498015873015872,0.6052777777777778,0.55,40.55608399994526,59.42947088300025,8014931,65.169177,109.411118
enterprise-rag-40,classical,construction,candidate-010,title-weight,fusion,True,40,0.4619505265709048,0.4558531746031746,0.5875,0.35,41.86277499957214,59.42947088300025,8014931,65.169177,109.411118
enterprise-rag-40,classical,construction,candidate-010,title-weight,topic,False,40,0.48110404197809953,0.4622023809523809,0.575,0.375,40.506672999981674,59.42947088300025,8014931,65.169177,109.411118
enterprise-rag-40,classical,construction,candidate-011,expansion-strength,association,False,40,0.47614412522636956,0.45863095238095236,0.575,0.375,35.553319999962696,57.17277549499977,8014927,62.031853,104.031887
enterprise-rag-40,classical,construction,candidate-011,expansion-strength,bm25,False,40,0.5915138553872126,0.6498015873015872,0.6052777777777778,0.55,37.46653399957722,57.17277549499977,8014927,62.031853,104.031887
enterprise-rag-40,classical,construction,candidate-011,expansion-strength,fusion,True,40,0.44617728273161833,0.4308531746031746,0.575,0.325,34.13652300059766,57.17277549499977,8014927,62.031853,104.031887
enterprise-rag-40,classical,construction,candidate-011,expansion-strength,topic,False,40,0.47903539144546653,0.45863095238095236,0.575,0.375,34.33406600015587,57.17277549499977,8014927,62.031853,104.031887
enterprise-rag-40,classical,construction,candidate-012,expansion-strength,association,False,40,0.47681588547145193,0.45863095238095236,0.575,0.375,38.91268500046863,57.5030134790004,8014929,63.041818,105.422522
enterprise-rag-40,classical,construction,candidate-012,expansion-strength,bm25,False,40,0.5915138553872126,0.6498015873015872,0.6052777777777778,0.55,36.89685700010159,57.5030134790004,8014929,63.041818,105.422522
enterprise-rag-40,classical,construction,candidate-012,expansion-strength,fusion,True,40,0.4581750361152096,0.4496031746031746,0.5875,0.35,38.676582999869424,57.5030134790004,8014929,63.041818,105.422522
enterprise-rag-40,classical,construction,candidate-012,expansion-strength,topic,False,40,0.48195415312063367,0.4622023809523809,0.575,0.375,39.9296220002725,57.5030134790004,8014929,63.041818,105.422522
enterprise-rag-40,classical,construction,candidate-013,expansion-strength,association,False,40,0.45042232506290986,0.45863095238095236,0.5333333333333333,0.375,38.9408769997317,57.70516191800016,8014927,63.204427,105.006087
enterprise-rag-40,classical,construction,candidate-013,expansion-strength,bm25,False,40,0.5915138553872126,0.6498015873015872,0.6052777777777778,0.55,38.12213399942266,57.70516191800016,8014927,63.204427,105.006087
enterprise-rag-40,classical,construction,candidate-013,expansion-strength,fusion,True,40,0.43533289493401756,0.4558531746031746,0.55,0.35,38.675288000376895,57.70516191800016,8014927,63.204427,105.006087
enterprise-rag-40,classical,construction,candidate-013,expansion-strength,topic,False,40,0.44177445135873833,0.4622023809523809,0.5166666666666667,0.375,39.12472600040928,57.70516191800016,8014927,63.204427,105.006087
enterprise-rag-40,classical,construction,candidate-014,relevance-diversity,association,False,40,0.48205239960246027,0.45863095238095236,0.575,0.375,38.68595800031471,58.736454234999655,8014929,64.279645,106.790607
enterprise-rag-40,classical,construction,candidate-014,relevance-diversity,bm25,False,40,0.5915138553872126,0.6498015873015872,0.6052777777777778,0.55,37.97158199995465,58.736454234999655,8014929,64.279645,106.790607
enterprise-rag-40,classical,construction,candidate-014,relevance-diversity,fusion,True,40,0.48205239960246027,0.45863095238095236,0.575,0.375,39.302746999965166,58.736454234999655,8014929,64.279645,106.790607
enterprise-rag-40,classical,construction,candidate-014,relevance-diversity,topic,False,40,0.48286135059360535,0.4622023809523809,0.575,0.375,39.59966400088888,58.736454234999655,8014929,64.279645,106.790607
enterprise-rag-40,classical,construction,candidate-015,relevance-diversity,association,False,40,0.48205239960246027,0.45863095238095236,0.575,0.375,42.112135000024864,57.99889873099983,8014961,63.746179,106.044187
enterprise-rag-40,classical,construction,candidate-015,relevance-diversity,bm25,False,40,0.5915138553872126,0.6498015873015872,0.6052777777777778,0.55,38.44735499933449,57.99889873099983,8014961,63.746179,106.044187
enterprise-rag-40,classical,construction,candidate-015,relevance-diversity,fusion,True,40,0.47352289832862493,0.45863095238095236,0.575,0.375,40.14808800002356,57.99889873099983,8014961,63.746179,106.044187
enterprise-rag-40,classical,construction,candidate-015,relevance-diversity,topic,False,40,0.4827892052340901,0.4622023809523809,0.575,0.375,40.21406999981991,57.99889873099983,8014961,63.746179,106.044187
enterprise-rag-40,classical,construction,candidate-016,relevance-diversity,association,False,40,0.45131228958633285,0.42738095238095236,0.575,0.325,43.4088089996294,58.73526785000013,8014931,64.67035,107.188013
enterprise-rag-40,classical,construction,candidate-016,relevance-diversity,bm25,False,40,0.5915138553872126,0.6498015873015872,0.6052777777777778,0.55,40.56046599998808,58.73526785000013,8014931,64.67035,107.188013
enterprise-rag-40,classical,construction,candidate-016,relevance-diversity,fusion,True,40,0.4330053082337522,0.4121031746031746,0.575,0.3,43.459286999677715,58.73526785000013,8014931,64.67035,107.188013
enterprise-rag-40,classical,construction,candidate-016,relevance-diversity,topic,False,40,0.4624728383196238,0.4497023809523809,0.575,0.35,42.53153099944029,58.73526785000013,8014931,64.67035,107.188013
enterprise-rag-40,adaptive,construction,baseline,baseline,adaptive,True,40,0.5068734091416912,0.5906746031746032,0.5750694444444444,0.475,1254.0611100002934,58.102212259000225,8016106,90.048144,131.589866
enterprise-rag-40,adaptive,construction,candidate-001,length-normalization,adaptive,True,40,0.5057704507992754,0.5859126984126984,0.576140873015873,0.475,1279.6758380000028,59.28971080199972,8016104,91.441426,133.637614
enterprise-rag-40,adaptive,construction,candidate-002,length-normalization,adaptive,True,40,0.5154055533484039,0.6191468253968254,0.5775694444444445,0.5,1258.9679299999261,59.770484102999944,8016104,91.714479,134.111748
enterprise-rag-40,adaptive,construction,candidate-003,length-normalization,adaptive,True,40,0.5190448134260887,0.5865079365079364,0.5961805555555555,0.5,1360.1431950000915,59.61481587800017,8016104,91.79241,133.640612
enterprise-rag-40,adaptive,construction,candidate-004,bm25-saturation,adaptive,True,40,0.5103541402768769,0.6155753968253969,0.5775694444444445,0.5,1299.2455660000815,59.611649012999806,8016104,92.306987,134.019507
enterprise-rag-40,adaptive,construction,candidate-005,bm25-saturation,adaptive,True,40,0.5184405711793014,0.5865079365079364,0.5966269841269841,0.5,1387.2057260000474,58.31409345799966,8016104,92.624843,134.893895
enterprise-rag-40,adaptive,construction,candidate-006,bm25-saturation,adaptive,True,40,0.49850607101932515,0.5747023809523809,0.5796825396825397,0.475,1366.984510000293,58.708598488999996,8016104,92.644906,135.244655
enterprise-rag-40,adaptive,construction,candidate-007,title-weight,adaptive,True,40,0.5190448134260887,0.5865079365079364,0.5961805555555555,0.5,1276.7342950000966,61.36291762200017,8016104,94.239706,137.239741
enterprise-rag-40,adaptive,construction,candidate-008,title-weight,adaptive,True,40,0.5190448134260887,0.5865079365079364,0.5961805555555555,0.5,1233.956686000056,58.79083026999979,8016104,90.271375,132.810137
enterprise-rag-40,adaptive,construction,candidate-009,title-weight,adaptive,True,40,0.5192943777684301,0.5865079365079364,0.5972222222222222,0.5,1344.6857799999634,61.264699184000165,8016104,94.382115,136.782899
enterprise-rag-40,adaptive,construction,candidate-010,expansion-strength,adaptive,True,40,0.5164197986167101,0.5802579365079364,0.5965277777777778,0.475,1348.5942529996464,58.96102342500035,8016107,91.43119,133.569027
enterprise-rag-40,adaptive,construction,candidate-011,expansion-strength,adaptive,True,40,0.508191229134255,0.5802579365079364,0.5872519841269841,0.475,1334.734796999328,58.961242603000755,8016103,90.724716,132.877645
enterprise-rag-40,adaptive,construction,candidate-012,expansion-strength,adaptive,True,40,0.5159277354905415,0.5802579365079364,0.5969742063492063,0.475,1274.4942040008027,58.7295719090007,8016105,90.624422,132.336922
enterprise-rag-40,adaptive,construction,candidate-013,relevance-diversity,adaptive,True,40,0.5862051635704519,0.6220238095238095,0.6035714285714285,0.525,1305.6016000000454,59.618675779000114,8016102,92.937213,134.985472
enterprise-rag-40,adaptive,construction,candidate-014,relevance-diversity,adaptive,True,40,0.5632001956841676,0.6206349206349207,0.5983333333333334,0.525,1268.0861959997856,58.83894141300061,8016134,90.725012,132.377632
enterprise-rag-40,adaptive,construction,candidate-015,relevance-diversity,adaptive,True,40,0.46269293716630333,0.4919642857142857,0.5864583333333333,0.35,1267.7276369995525,57.32038123999973,8016104,89.455367,132.237591
enterprise-rag-40,adaptive,construction,candidate-016,aspect-allocation,adaptive,True,40,0.5862051635704519,0.6220238095238095,0.6035714285714285,0.525,1301.9236700001784,59.61795695900037,8016101,92.091627,133.838279
enterprise-rag-40,adaptive,construction,candidate-017,aspect-allocation,adaptive,True,40,0.5862051635704519,0.6220238095238095,0.6035714285714285,0.525,1241.9538239992107,57.404227039000034,8016101,89.095549,130.780599
enterprise-rag-40,adaptive,construction,candidate-018,aspect-allocation,adaptive,True,40,0.5862051635704519,0.6220238095238095,0.6035714285714285,0.525,1425.228607000463,58.851323687999866,8016101,94.516281,136.624833
enterprise-rag-40,entity-graph,construction,baseline,baseline,entity,False,40,0.4525282790837736,0.5657738095238095,0.46673611111111113,0.45,47.377801000038744,59.127547057999436,13856388,66.236362,108.840501
enterprise-rag-40,entity-graph,construction,baseline,baseline,fusion,True,40,0.47275963568195856,0.5831349206349207,0.47506944444444443,0.5,47.90867399970011,59.127547057999436,13856388,66.236362,108.840501
enterprise-rag-40,entity-graph,construction,baseline,baseline,lexical,False,40,0.5832760502661439,0.6373015873015873,0.590625,0.55,49.960788000134926,59.127547057999436,13856388,66.236362,108.840501
enterprise-rag-40,entity-graph,construction,baseline,baseline,traversal,False,40,0.43274149507640913,0.5032738095238095,0.4604166666666667,0.375,49.65934499978175,59.127547057999436,13856388,66.236362,108.840501
enterprise-rag-40,entity-graph,construction,candidate-001,length-normalization,entity,False,40,0.4525282790837736,0.5657738095238095,0.46673611111111113,0.45,48.845671999515616,59.68069136699978,13856387,66.839333,109.263171
enterprise-rag-40,entity-graph,construction,candidate-001,length-normalization,fusion,True,40,0.47727963594864053,0.5859126984126984,0.47732142857142856,0.5,48.32519600040541,59.68069136699978,13856387,66.839333,109.263171
enterprise-rag-40,entity-graph,construction,candidate-001,length-normalization,lexical,False,40,0.571255774438253,0.6373015873015873,0.5744047619047619,0.55,54.998552999677486,59.68069136699978,13856387,66.839333,109.263171
enterprise-rag-40,entity-graph,construction,candidate-001,length-normalization,traversal,False,40,0.43274149507640913,0.5032738095238095,0.4604166666666667,0.375,50.38936399978411,59.68069136699978,13856387,66.839333,109.263171
enterprise-rag-40,entity-graph,construction,candidate-002,length-normalization,entity,False,40,0.4525282790837736,0.5657738095238095,0.46673611111111113,0.45,46.477115000016056,60.967217202999564,13856387,68.123976,109.963053
enterprise-rag-40,entity-graph,construction,candidate-002,length-normalization,fusion,True,40,0.4690309418599374,0.5803571428571429,0.4758630952380952,0.5,47.82649099979608,60.967217202999564,13856387,68.123976,109.963053
enterprise-rag-40,entity-graph,construction,candidate-002,length-normalization,lexical,False,40,0.5934344355161814,0.6414682539682539,0.603125,0.55,48.71179500059952,60.967217202999564,13856387,68.123976,109.963053
enterprise-rag-40,entity-graph,construction,candidate-002,length-normalization,traversal,False,40,0.43274149507640913,0.5032738095238095,0.4604166666666667,0.375,52.70244300027116,60.967217202999564,13856387,68.123976,109.963053
enterprise-rag-40,entity-graph,construction,candidate-003,length-normalization,entity,False,40,0.4525282790837736,0.5657738095238095,0.46673611111111113,0.45,47.10648000036599,59.656618447000255,13856387,66.699303,108.656714
enterprise-rag-40,entity-graph,construction,candidate-003,length-normalization,fusion,True,40,0.46879618401232237,0.5803571428571429,0.47551587301587306,0.5,48.142537999410706,59.656618447000255,13856387,66.699303,108.656714
enterprise-rag-40,entity-graph,construction,candidate-003,length-normalization,lexical,False,40,0.5869174474901868,0.6317460317460317,0.6063492063492063,0.55,51.33246399964264,59.656618447000255,13856387,66.699303,108.656714
enterprise-rag-40,entity-graph,construction,candidate-003,length-normalization,traversal,False,40,0.43274149507640913,0.5032738095238095,0.4604166666666667,0.375,50.50542699973448,59.656618447000255,13856387,66.699303,108.656714
enterprise-rag-40,entity-graph,construction,candidate-004,bm25-saturation,entity,False,40,0.4525282790837736,0.5657738095238095,0.46673611111111113,0.45,44.32916599944292,57.90011542100001,13856387,64.774143,106.447163
enterprise-rag-40,entity-graph,construction,candidate-004,bm25-saturation,fusion,True,40,0.47727963594864053,0.5859126984126984,0.47732142857142856,0.5,47.00738299925433,57.90011542100001,13856387,64.774143,106.447163
enterprise-rag-40,entity-graph,construction,candidate-004,bm25-saturation,lexical,False,40,0.571255774438253,0.6373015873015873,0.5744047619047619,0.55,47.015173999170656,57.90011542100001,13856387,64.774143,106.447163
enterprise-rag-40,entity-graph,construction,candidate-004,bm25-saturation,traversal,False,40,0.43274149507640913,0.5032738095238095,0.4604166666666667,0.375,47.966011999960756,57.90011542100001,13856387,64.774143,106.447163
enterprise-rag-40,entity-graph,construction,candidate-005,bm25-saturation,entity,False,40,0.4525282790837736,0.5657738095238095,0.46673611111111113,0.45,47.63716400066187,61.309356561999266,13856387,68.331572,111.056181
enterprise-rag-40,entity-graph,construction,candidate-005,bm25-saturation,fusion,True,40,0.47727963594864053,0.5859126984126984,0.47732142857142856,0.5,47.45710999941366,61.309356561999266,13856387,68.331572,111.056181
enterprise-rag-40,entity-graph,construction,candidate-005,bm25-saturation,lexical,False,40,0.571255774438253,0.6373015873015873,0.5744047619047619,0.55,48.87519300064014,61.309356561999266,13856387,68.331572,111.056181
enterprise-rag-40,entity-graph,construction,candidate-005,bm25-saturation,traversal,False,40,0.43274149507640913,0.5032738095238095,0.4604166666666667,0.375,48.3524880000914,61.309356561999266,13856387,68.331572,111.056181
enterprise-rag-40,entity-graph,construction,candidate-006,bm25-saturation,entity,False,40,0.4525282790837736,0.5657738095238095,0.46673611111111113,0.45,55.084835000343446,59.69876263899914,13856387,66.843694,109.292693
enterprise-rag-40,entity-graph,construction,candidate-006,bm25-saturation,fusion,True,40,0.47675519992766463,0.5859126984126984,0.47732142857142856,0.5,46.94273799941584,59.69876263899914,13856387,66.843694,109.292693
enterprise-rag-40,entity-graph,construction,candidate-006,bm25-saturation,lexical,False,40,0.5681861573217042,0.6373015873015873,0.5702380952380952,0.55,48.24568099957105,59.69876263899914,13856387,66.843694,109.292693
enterprise-rag-40,entity-graph,construction,candidate-006,bm25-saturation,traversal,False,40,0.43274149507640913,0.5032738095238095,0.4604166666666667,0.375,48.61745700054598,59.69876263899914,13856387,66.843694,109.292693
enterprise-rag-40,entity-graph,construction,candidate-007,graph-reach,entity,False,40,0.4525282790837736,0.5657738095238095,0.46673611111111113,0.45,40.119670999956725,58.80426298099974,13856387,64.640178,105.464262
enterprise-rag-40,entity-graph,construction,candidate-007,graph-reach,fusion,True,40,0.47772634736233066,0.5859126984126984,0.4777678571428571,0.5,41.36686499987263,58.80426298099974,13856387,64.640178,105.464262
enterprise-rag-40,entity-graph,construction,candidate-007,graph-reach,lexical,False,40,0.571255774438253,0.6373015873015873,0.5744047619047619,0.55,39.99069499968755,58.80426298099974,13856387,64.640178,105.464262
enterprise-rag-40,entity-graph,construction,candidate-007,graph-reach,traversal,False,40,0.43256710785240077,0.5032738095238095,0.4604166666666667,0.375,41.316358999210934,58.80426298099974,13856387,64.640178,105.464262
enterprise-rag-40,entity-graph,construction,candidate-008,graph-reach,entity,False,40,0.4525282790837736,0.5657738095238095,0.46673611111111113,0.45,42.55893699973967,58.93328331599969,13856387,65.315963,108.025356
enterprise-rag-40,entity-graph,construction,candidate-008,graph-reach,fusion,True,40,0.47727963594864053,0.5859126984126984,0.47732142857142856,0.5,43.40805199990427,58.93328331599969,13856387,65.315963,108.025356
enterprise-rag-40,entity-graph,construction,candidate-008,graph-reach,lexical,False,40,0.571255774438253,0.6373015873015873,0.5744047619047619,0.55,45.38086599950475,58.93328331599969,13856387,65.315963,108.025356
enterprise-rag-40,entity-graph,construction,candidate-008,graph-reach,traversal,False,40,0.43274149507640913,0.5032738095238095,0.4604166666666667,0.375,45.48945799979265,58.93328331599969,13856387,65.315963,108.025356
enterprise-rag-40,entity-graph,construction,candidate-009,graph-reach,entity,False,40,0.4525282790837736,0.5657738095238095,0.46673611111111113,0.45,53.87835500005167,58.39488739300032,13856387,66.211127,109.298025
enterprise-rag-40,entity-graph,construction,candidate-009,graph-reach,fusion,True,40,0.47727963594864053,0.5859126984126984,0.47732142857142856,0.5,55.937270999493194,58.39488739300032,13856387,66.211127,109.298025
enterprise-rag-40,entity-graph,construction,candidate-009,graph-reach,lexical,False,40,0.571255774438253,0.6373015873015873,0.5744047619047619,0.55,53.40745800003788,58.39488739300032,13856387,66.211127,109.298025
enterprise-rag-40,entity-graph,construction,candidate-009,graph-reach,traversal,False,40,0.43274149507640913,0.5032738095238095,0.4604166666666667,0.375,54.39450899939402,58.39488739300032,13856387,66.211127,109.298025
enterprise-rag-40,entity-graph,construction,candidate-010,graph-noise,entity,False,40,0.4525282790837736,0.5657738095238095,0.46673611111111113,0.45,41.090107000854914,58.22253270700094,13856387,64.125393,106.223696
enterprise-rag-40,entity-graph,construction,candidate-010,graph-noise,fusion,True,40,0.48188524415128164,0.5859126984126984,0.48336309523809523,0.5,39.5280200009438,58.22253270700094,13856387,64.125393,106.223696
enterprise-rag-40,entity-graph,construction,candidate-010,graph-noise,lexical,False,40,0.571255774438253,0.6373015873015873,0.5744047619047619,0.55,41.418925999096246,58.22253270700094,13856387,64.125393,106.223696
enterprise-rag-40,entity-graph,construction,candidate-010,graph-noise,traversal,False,40,0.4525282790837736,0.5657738095238095,0.46673611111111113,0.45,40.211483001257875,58.22253270700094,13856387,64.125393,106.223696
enterprise-rag-40,entity-graph,construction,candidate-011,graph-noise,entity,False,40,0.4525282790837736,0.5657738095238095,0.46673611111111113,0.45,37.64055899955565,58.25050286199985,13856387,64.016369,105.501583
enterprise-rag-40,entity-graph,construction,candidate-011,graph-noise,fusion,True,40,0.48156163024020343,0.5859126984126984,0.48252976190476193,0.5,40.22843799975817,58.25050286199985,13856387,64.016369,105.501583
enterprise-rag-40,entity-graph,construction,candidate-011,graph-noise,lexical,False,40,0.571255774438253,0.6373015873015873,0.5744047619047619,0.55,41.105551999862655,58.25050286199985,13856387,64.016369,105.501583
enterprise-rag-40,entity-graph,construction,candidate-011,graph-noise,traversal,False,40,0.43970986127970957,0.5254960317460318,0.4647916666666666,0.4,39.447952000045916,58.25050286199985,13856387,64.016369,105.501583
enterprise-rag-40,entity-graph,construction,candidate-012,graph-noise,entity,False,40,0.4525282790837736,0.5657738095238095,0.46673611111111113,0.45,40.87561300002562,59.02864094300094,13856387,64.95339,107.253458
enterprise-rag-40,entity-graph,construction,candidate-012,graph-noise,fusion,True,40,0.47727963594864053,0.5859126984126984,0.47732142857142856,0.5,40.70313299962436,59.02864094300094,13856387,64.95339,107.253458
enterprise-rag-40,entity-graph,construction,candidate-012,graph-noise,lexical,False,40,0.571255774438253,0.6373015873015873,0.5744047619047619,0.55,41.85337799935951,59.02864094300094,13856387,64.95339,107.253458
enterprise-rag-40,entity-graph,construction,candidate-012,graph-noise,traversal,False,40,0.4316788582311556,0.5032738095238095,0.4604166666666667,0.375,41.06240299915953,59.02864094300094,13856387,64.95339,107.253458
enterprise-rag-40,entity-graph,construction,candidate-013,section-granularity,entity,False,40,0.4525282790837736,0.5657738095238095,0.46673611111111113,0.45,39.01788999974087,58.20223976499983,13856386,63.879504,105.520985
enterprise-rag-40,entity-graph,construction,candidate-013,section-granularity,fusion,True,40,0.48188524415128164,0.5859126984126984,0.48336309523809523,0.5,39.60672399989562,58.20223976499983,13856386,63.879504,105.520985
enterprise-rag-40,entity-graph,construction,candidate-013,section-granularity,lexical,False,40,0.571255774438253,0.6373015873015873,0.5744047619047619,0.55,39.23547300109931,58.20223976499983,13856386,63.879504,105.520985
enterprise-rag-40,entity-graph,construction,candidate-013,section-granularity,traversal,False,40,0.4525282790837736,0.5657738095238095,0.46673611111111113,0.45,40.100842001265846,58.20223976499983,13856386,63.879504,105.520985
enterprise-rag-40,entity-graph,construction,candidate-014,section-granularity,entity,False,40,0.4525282790837736,0.5657738095238095,0.46673611111111113,0.45,46.692948999407236,59.16909709900028,13856386,65.161489,107.887051
enterprise-rag-40,entity-graph,construction,candidate-014,section-granularity,fusion,True,40,0.48188524415128164,0.5859126984126984,0.48336309523809523,0.5,40.60496100100863,59.16909709900028,13856386,65.161489,107.887051
enterprise-rag-40,entity-graph,construction,candidate-014,section-granularity,lexical,False,40,0.571255774438253,0.6373015873015873,0.5744047619047619,0.55,42.316267999922275,59.16909709900028,13856386,65.161489,107.887051
enterprise-rag-40,entity-graph,construction,candidate-014,section-granularity,traversal,False,40,0.4525282790837736,0.5657738095238095,0.46673611111111113,0.45,40.92062699965027,59.16909709900028,13856386,65.161489,107.887051
enterprise-rag-40,entity-graph,construction,candidate-015,section-granularity,entity,False,40,0.4525282790837736,0.5657738095238095,0.46673611111111113,0.45,39.31785399981891,58.80015362999984,13856387,64.689541,106.57642
enterprise-rag-40,entity-graph,construction,candidate-015,section-granularity,fusion,True,40,0.48188524415128164,0.5859126984126984,0.48336309523809523,0.5,40.556219000791316,58.80015362999984,13856387,64.689541,106.57642
enterprise-rag-40,entity-graph,construction,candidate-015,section-granularity,lexical,False,40,0.571255774438253,0.6373015873015873,0.5744047619047619,0.55,39.88900799959083,58.80015362999984,13856387,64.689541,106.57642
enterprise-rag-40,entity-graph,construction,candidate-015,section-granularity,traversal,False,40,0.4525282790837736,0.5657738095238095,0.46673611111111113,0.45,43.48854400086566,58.80015362999984,13856387,64.689541,106.57642
enterprise-rag-40,ensemble,construction,baseline,baseline,fast,False,40,0.5235778074844945,0.5899801587301587,0.5910416666666667,0.475,1326.0703420000937,257.75568206799926,22719373,364.328335,406.628319
enterprise-rag-40,ensemble,construction,baseline,baseline,quality,True,40,0.5566385701162351,0.5899801587301587,0.6041666666666667,0.475,1597.6340600000185,257.75568206799926,22719373,364.328335,406.628319
enterprise-rag-40,ensemble,construction,baseline,baseline,robust,False,40,0.5033603261131847,0.5899801587301587,0.5747222222222221,0.475,1287.0224449998204,257.75568206799926,22719373,364.328335,406.628319
enterprise-rag-40,ensemble,construction,candidate-001,length-normalization,fast,False,40,0.5280732646409713,0.5906746031746032,0.5902380952380952,0.475,1319.941892001225,256.1214458329996,22719373,362.92504,405.252727
enterprise-rag-40,ensemble,construction,candidate-001,length-normalization,quality,True,40,0.5576573173324186,0.5906746031746032,0.6035714285714285,0.475,1593.3303329984483,256.1214458329996,22719373,362.92504,405.252727
enterprise-rag-40,ensemble,construction,candidate-001,length-normalization,robust,False,40,0.5068734091416912,0.5906746031746032,0.5750694444444444,0.475,1291.444798998782,256.1214458329996,22719373,362.92504,405.252727
enterprise-rag-40,ensemble,construction,candidate-002,length-normalization,fast,False,40,0.5239257950972884,0.5859126984126984,0.5902380952380952,0.475,1425.4398770008265,256.0047507749987,22719370,365.296648,407.078947
enterprise-rag-40,ensemble,construction,candidate-002,length-normalization,quality,True,40,0.5642928737711814,0.5859126984126984,0.6104166666666667,0.475,1601.6937390013481,256.0047507749987,22719370,365.296648,407.078947
enterprise-rag-40,ensemble,construction,candidate-002,length-normalization,robust,False,40,0.5057704507992754,0.5859126984126984,0.576140873015873,0.475,1343.188144001033,256.0047507749987,22719370,365.296648,407.078947
enterprise-rag-40,ensemble,construction,candidate-003,length-normalization,fast,False,40,0.5365642135226486,0.6191468253968254,0.5940178571428572,0.5,1326.515285001733,257.3547381850003,22719370,365.227505,407.327128
enterprise-rag-40,ensemble,construction,candidate-003,length-normalization,quality,True,40,0.5733559826437304,0.6191468253968254,0.6104166666666667,0.5,1621.167636998507,257.3547381850003,22719370,365.227505,407.327128
enterprise-rag-40,ensemble,construction,candidate-003,length-normalization,robust,False,40,0.5154055533484039,0.6191468253968254,0.5775694444444445,0.5,1320.688275998691,257.3547381850003,22719370,365.227505,407.327128
enterprise-rag-40,ensemble,construction,candidate-004,length-normalization,fast,False,40,0.5261245335082451,0.5865079365079364,0.5974999999999999,0.5,1331.6336429998046,256.4128726630006,22719370,362.48611,404.194635
enterprise-rag-40,ensemble,construction,candidate-004,length-normalization,quality,True,40,0.5571671488600702,0.5865079365079364,0.603125,0.5,1565.5593319988839,256.4128726630006,22719370,362.48611,404.194635
enterprise-rag-40,ensemble,construction,candidate-004,length-normalization,robust,False,40,0.5190448134260887,0.5865079365079364,0.5961805555555555,0.5,1252.2541220005223,256.4128726630006,22719370,362.48611,404.194635
enterprise-rag-40,ensemble,construction,candidate-005,bm25-saturation,fast,False,40,0.5302142719070458,0.5969246031746032,0.5896428571428571,0.475,1318.406538999625,255.8632399319995,22719370,364.159509,405.628325
enterprise-rag-40,ensemble,construction,candidate-005,bm25-saturation,quality,True,40,0.5669371031270407,0.5969246031746032,0.6035714285714285,0.475,1601.1408100002882,255.8632399319995,22719370,364.159509,405.628325
enterprise-rag-40,ensemble,construction,candidate-005,bm25-saturation,robust,False,40,0.509993666909067,0.5969246031746032,0.5753472222222222,0.475,1316.8685080017895,255.8632399319995,22719370,364.159509,405.628325
enterprise-rag-40,ensemble,construction,candidate-006,bm25-saturation,fast,False,40,0.5266951350872773,0.5941468253968254,0.5904464285714286,0.475,1314.8907109989523,261.3562103379991,22719370,369.107212,409.582144
enterprise-rag-40,ensemble,construction,candidate-006,bm25-saturation,quality,True,40,0.5601291987247219,0.5941468253968254,0.6020833333333333,0.475,1614.3647709996003,261.3562103379991,22719370,369.107212,409.582144
enterprise-rag-40,ensemble,construction,candidate-006,bm25-saturation,robust,False,40,0.5074066410074416,0.5941468253968254,0.5750694444444444,0.475,1267.4183169983735,261.3562103379991,22719370,369.107212,409.582144
enterprise-rag-40,ensemble,construction,candidate-007,bm25-saturation,fast,False,40,0.5227896090539412,0.5905753968253968,0.5904464285714286,0.475,1402.3961610000697,255.67605536799965,22719370,363.913184,405.485125
enterprise-rag-40,ensemble,construction,candidate-007,bm25-saturation,quality,True,40,0.5562133869710069,0.5905753968253968,0.6008333333333333,0.475,1586.7983329990238,255.67605536799965,22719370,363.913184,405.485125
enterprise-rag-40,ensemble,construction,candidate-007,bm25-saturation,robust,False,40,0.5033109298688176,0.5905753968253968,0.5750694444444444,0.475,1267.2813150002185,255.67605536799965,22719370,363.913184,405.485125
enterprise-rag-40,ensemble,construction,candidate-008,title-weight,fast,False,40,0.5370109249363387,0.6191468253968254,0.5944642857142857,0.5,1309.935700001006,255.32968317300038,22719370,364.474274,407.229648
enterprise-rag-40,ensemble,construction,candidate-008,title-weight,quality,True,40,0.5733559826437304,0.6191468253968254,0.6104166666666667,0.5,1594.919500999822,255.32968317300038,22719370,364.474274,407.229648
enterprise-rag-40,ensemble,construction,candidate-008,title-weight,robust,False,40,0.5154055533484039,0.6191468253968254,0.5775694444444445,0.5,1374.8595420001948,255.32968317300038,22719370,364.474274,407.229648
enterprise-rag-40,ensemble,construction,candidate-009,title-weight,fast,False,40,0.5365642135226486,0.6191468253968254,0.5940178571428572,0.5,1294.2923529990367,257.12070627399953,22719370,363.874404,406.034971
enterprise-rag-40,ensemble,construction,candidate-009,title-weight,quality,True,40,0.5733559826437304,0.6191468253968254,0.6104166666666667,0.5,1536.9691680007236,257.12070627399953,22719370,363.874404,406.034971
enterprise-rag-40,ensemble,construction,candidate-009,title-weight,robust,False,40,0.5154055533484039,0.6191468253968254,0.5775694444444445,0.5,1266.4740800009895,257.12070627399953,22719370,363.874404,406.034971
enterprise-rag-40,ensemble,construction,candidate-010,expansion-strength,fast,False,40,0.5259038941158433,0.5941468253968254,0.5902380952380952,0.475,1321.0714659999212,258.07788454,22719376,364.628338,404.872959
enterprise-rag-40,ensemble,construction,candidate-010,expansion-strength,quality,True,40,0.5608939487157149,0.5941468253968254,0.603125,0.475,1562.4335150005209,258.07788454,22719376,364.628338,404.872959
enterprise-rag-40,ensemble,construction,candidate-010,expansion-strength,robust,False,40,0.5159270560445817,0.5941468253968254,0.5880158730158731,0.475,1265.9065650004777,258.07788454,22719376,364.628338,404.872959
enterprise-rag-40,ensemble,construction,candidate-011,expansion-strength,fast,False,40,0.5259038941158433,0.5941468253968254,0.5902380952380952,0.475,1293.1679590001295,253.01302726500035,22719368,356.694139,398.896676
enterprise-rag-40,ensemble,construction,candidate-011,expansion-strength,quality,True,40,0.5620172223475284,0.5941468253968254,0.6035714285714285,0.475,1533.2321749992843,253.01302726500035,22719368,356.694139,398.896676
enterprise-rag-40,ensemble,construction,candidate-011,expansion-strength,robust,False,40,0.5157918800926615,0.5941468253968254,0.5880158730158731,0.475,1241.4430899989384,253.01302726500035,22719368,356.694139,398.896676
enterprise-rag-40,ensemble,construction,candidate-012,expansion-strength,fast,False,40,0.5262354234351534,0.5941468253968254,0.5914880952380952,0.475,1335.9745849993487,255.2458578049991,22719372,360.916858,402.694824
enterprise-rag-40,ensemble,construction,candidate-012,expansion-strength,quality,True,40,0.5608939487157149,0.5941468253968254,0.603125,0.475,1568.9900019988272,255.2458578049991,22719372,360.916858,402.694824
enterprise-rag-40,ensemble,construction,candidate-012,expansion-strength,robust,False,40,0.50651688963398,0.5941468253968254,0.575515873015873,0.475,1281.0964420004893,255.2458578049991,22719372,360.916858,402.694824
enterprise-rag-40,ensemble,construction,candidate-013,relevance-diversity,fast,False,40,0.5880890172221884,0.6275793650793651,0.603125,0.525,1377.7939390001848,256.9435999460002,22719366,365.278468,408.67186
enterprise-rag-40,ensemble,construction,candidate-013,relevance-diversity,quality,True,40,0.5932160909408737,0.6275793650793651,0.60625,0.525,1617.3063709993585,256.9435999460002,22719366,365.278468,408.67186
enterprise-rag-40,ensemble,construction,candidate-013,relevance-diversity,robust,False,40,0.5799538414267345,0.6275793650793651,0.5925,0.525,1321.481175998997,256.9435999460002,22719366,365.278468,408.67186
enterprise-rag-40,ensemble,construction,candidate-014,relevance-diversity,fast,False,40,0.5675320098702229,0.6206349206349207,0.5989583333333333,0.525,1462.4651049998647,255.62878149400058,22719430,364.265807,405.61409
enterprise-rag-40,ensemble,construction,candidate-014,relevance-diversity,quality,True,40,0.5870645195193089,0.6206349206349207,0.60625,0.525,1587.4387999992905,255.62878149400058,22719430,364.265807,405.61409
enterprise-rag-40,ensemble,construction,candidate-014,relevance-diversity,robust,False,40,0.5553191540107794,0.6206349206349207,0.5848214285714286,0.525,1272.3950159997912,255.62878149400058,22719430,364.265807,405.61409
enterprise-rag-40,ensemble,construction,candidate-015,relevance-diversity,fast,False,40,0.4601465946973441,0.47043650793650793,0.5850694444444444,0.35,1472.0529109999916,254.5271878750009,22719370,368.262762,410.060072
enterprise-rag-40,ensemble,construction,candidate-015,relevance-diversity,quality,True,40,0.47677206512258347,0.47043650793650793,0.5900000000000001,0.35,1697.5768160009466,254.5271878750009,22719370,368.262762,410.060072
enterprise-rag-40,ensemble,construction,candidate-015,relevance-diversity,robust,False,40,0.4478418230637676,0.47043650793650793,0.5709027777777778,0.35,1387.4777940000058,254.5271878750009,22719370,368.262762,410.060072
enterprise-rag-40,ensemble,construction,candidate-016,ensemble-allocation,fast,False,40,0.5880890172221884,0.6275793650793651,0.603125,0.525,1288.790226000856,249.60149429100056,22719366,353.383533,394.739745
enterprise-rag-40,ensemble,construction,candidate-016,ensemble-allocation,quality,True,40,0.6028174208168413,0.6275793650793651,0.6166666666666667,0.525,1576.5483020004467,249.60149429100056,22719366,353.383533,394.739745
enterprise-rag-40,ensemble,construction,candidate-016,ensemble-allocation,robust,False,40,0.5799538414267345,0.6275793650793651,0.5925,0.525,1232.8341629981878,249.60149429100056,22719366,353.383533,394.739745
enterprise-rag-40,ensemble,construction,candidate-017,ensemble-allocation,fast,False,40,0.5880890172221884,0.6275793650793651,0.603125,0.525,1337.2149759998138,240.1177431239994,22719366,348.132231,389.339705
enterprise-rag-40,ensemble,construction,candidate-017,ensemble-allocation,quality,True,40,0.6135043091548117,0.6275793650793651,0.63,0.525,1613.7789050007996,240.1177431239994,22719366,348.132231,389.339705
enterprise-rag-40,ensemble,construction,candidate-017,ensemble-allocation,robust,False,40,0.5799538414267345,0.6275793650793651,0.5925,0.525,1294.8409999989963,240.1177431239994,22719366,348.132231,389.339705
enterprise-rag-40,ensemble,construction,candidate-018,ensemble-allocation,fast,False,40,0.5880890172221884,0.6275793650793651,0.603125,0.525,1251.487123001425,240.90610202899916,22719366,343.318114,384.519614
enterprise-rag-40,ensemble,construction,candidate-018,ensemble-allocation,quality,True,40,0.6136740767613875,0.6275793650793651,0.63125,0.525,1518.8767489999009,240.90610202899916,22719366,343.318114,384.519614
enterprise-rag-40,ensemble,construction,candidate-018,ensemble-allocation,robust,False,40,0.5799538414267345,0.6275793650793651,0.5925,0.525,1225.304239000252,240.90610202899916,22719366,343.318114,384.519614
enterprise-rag-40,graphify,consultation,baseline,baseline,search,True,40,0.13626228624863054,0.17371031746031745,0.20423611111111112,0.1,128.30551099978038,128.07022957599838,14940327,132.066557,174.781977
enterprise-rag-40,graphify,consultation,candidate-001,traversal-depth,search,True,40,0.09109336459514347,0.07371031746031745,0.18333333333333332,0.025,125.24669099911989,129.9415190280015,14940327,133.7678,176.23772
enterprise-rag-40,graphify,consultation,candidate-002,traversal-depth,search,True,40,0.09109336459514347,0.07371031746031745,0.18333333333333332,0.025,120.31759199999215,128.25810750599885,14940327,131.991934,174.24716
enterprise-rag-40,graphify,consultation,candidate-003,traversal-depth,search,True,40,0.5144427680270155,0.5411706349206349,0.575,0.4,127.46387900006084,129.67219668100006,14940327,133.56842,176.178811
enterprise-rag-40,graphify,consultation,candidate-004,traversal-depth,search,True,40,0.5374775759799012,0.5932539682539683,0.5666666666666667,0.475,123.01856500016584,129.60514244799924,14940327,133.404271,175.931287
enterprise-rag-40,graphify,consultation,candidate-005,traversal-depth,search,True,40,0.5374775759799012,0.5932539682539683,0.5666666666666667,0.475,127.3699100001977,128.9440472490005,14940327,132.830846,174.839919
enterprise-rag-40,graphify,consultation,candidate-006,traversal-depth,search,True,40,0.5374775759799012,0.5932539682539683,0.5666666666666667,0.475,127.07112499992945,128.75657532200057,14940327,132.680487,174.885431
enterprise-rag-40,graphify,consultation,candidate-007,lexical-graph-fusion,search,True,40,0.576319468408568,0.5932539682539683,0.625,0.475,136.42082999831473,127.6063991179999,14940327,131.713862,173.384491
enterprise-rag-40,graphify,consultation,candidate-008,lexical-graph-fusion,search,True,40,0.5692753631205092,0.5932539682539683,0.6125,0.475,132.51056500121194,130.83636165399912,14940327,134.921407,176.693246
enterprise-rag-40,graphify,consultation,candidate-009,lexical-graph-fusion,search,True,40,0.5837804919562507,0.5968253968253968,0.625,0.475,132.9282950009656,128.46351286299978,14940327,132.494946,174.236585
enterprise-rag-40,graphify,consultation,candidate-010,lexical-graph-fusion,search,True,40,0.6035802201326674,0.6324404761904762,0.625,0.525,140.03631800005678,130.3702539799997,14940327,134.475323,176.378425
enterprise-rag-40,graphify,consultation,candidate-011,fusion-rank-decay,search,True,40,0.5839364844215764,0.6219246031746032,0.6125,0.5,149.4091889999254,127.22720094800025,14940327,131.551614,173.629338
enterprise-rag-40,graphify,consultation,candidate-012,fusion-rank-decay,search,True,40,0.5712617901063284,0.5968253968253968,0.6125,0.475,137.27548200040474,127.86155570699884,14940327,131.9192,173.73474
enterprise-rag-40,graphify,consultation,candidate-013,fusion-rank-decay,search,True,40,0.5692753631205092,0.5932539682539683,0.6125,0.475,134.0130570006295,130.7975111960004,14940327,134.911267,176.507246
enterprise-rag-40,turso,consultation,baseline,baseline,lexical-sql,True,40,0.40319114502840775,0.49871031746031746,0.40854166666666664,0.4,38.39331299968762,37.76141910400111,23927107,39.658752,82.40498
enterprise-rag-40,turso,consultation,candidate-001,bm25-saturation,lexical-sql,True,40,0.5868341631156483,0.6185515873015872,0.6025,0.5,8.815292001600028,38.65403950399923,23927107,39.829495,81.724278
enterprise-rag-40,turso,consultation,candidate-002,bm25-saturation,lexical-sql,True,40,0.5814176888760005,0.6150793650793651,0.5983333333333334,0.5,8.809574001134024,37.75462540399894,23927107,38.925113,80.099469
enterprise-rag-40,turso,consultation,candidate-003,bm25-saturation,lexical-sql,True,40,0.5961724167905328,0.6248015873015873,0.615,0.525,8.658830000058515,37.605429473000186,23927107,38.734102,80.167819
enterprise-rag-40,turso,consultation,candidate-004,bm25-saturation,lexical-sql,True,40,0.5952238585899123,0.6185515873015872,0.615,0.5,9.154246999969473,38.505020237998906,23927107,39.689307,82.28116
enterprise-rag-40,turso,consultation,candidate-005,length-normalization,lexical-sql,True,40,0.5777585149949644,0.6150793650793651,0.5944444444444444,0.5,9.051832999830367,38.00133290300073,23927107,39.194656,80.654606
enterprise-rag-40,turso,consultation,candidate-006,length-normalization,lexical-sql,True,40,0.5651710648556278,0.6275793650793651,0.5775,0.525,8.757714000239503,37.30736678199901,23927107,38.493814,80.275826
enterprise-rag-40,turso,consultation,candidate-007,length-normalization,lexical-sql,True,40,0.584827182844353,0.6185515873015872,0.5983333333333334,0.5,8.607402000052389,38.23675895300039,23927107,39.417117,81.486304
enterprise-rag-40,turso,consultation,candidate-008,title-weight,lexical-sql,True,40,0.5897017567394892,0.6248015873015873,0.6025,0.525,8.764389000134543,37.70612769999934,23927107,38.97497,80.495173
enterprise-rag-40,turso,consultation,candidate-009,title-weight,lexical-sql,True,40,0.5877438972143467,0.6213293650793651,0.6025,0.5,8.602732999861473,38.681306319000214,23927107,39.817987,81.455088
enterprise-rag-40,turso,consultation,candidate-010,title-weight,lexical-sql,True,40,0.5808281321115133,0.6150793650793651,0.5986111111111111,0.5,8.807403999526286,38.11106865200054,23927107,39.262173,80.664623
